ID,symbols,logFC,P.Value
LOC_Os01g01060,LOC_Os01g01060,-0.880458,0.00144447
LOC_Os01g01170,LOC_Os01g01170,-0.829139,0.00447556
LOC_Os01g01510,LOC_Os01g01510,-0.893405,0.00144447
LOC_Os01g02150,LOC_Os01g02150,1.48931,0.0176481
LOC_Os01g02170,LOC_Os01g02170,-0.77008,0.0428878
LOC_Os01g02320,LOC_Os01g02320,-2.6418,0.00144447
LOC_Os01g02400,LOC_Os01g02400,-4.00306,0.00144447
LOC_Os01g02490,LOC_Os01g02490,-2.80247,0.0025789
LOC_Os01g02700,LOC_Os01g02700,1.09732,0.0025789
LOC_Os01g02710,LOC_Os01g02710,1.16792,0.0268193
LOC_Os01g02870,LOC_Os01g02870,1.8413,0.00144447
LOC_Os01g03070,LOC_Os01g03070,-0.683425,0.0122338
LOC_Os01g03180,LOC_Os01g03180,1.21714,0.00355611
LOC_Os01g03230,LOC_Os01g03230,-3.42146,0.0416717
LOC_Os01g03490,LOC_Os01g03490,0.991541,0.00144447
LOC_Os01g03570,LOC_Os01g03570,2.08241,0.00144447
LOC_Os01g03680,LOC_Os01g03680,-1.39645,0.00144447
LOC_Os01g03750,LOC_Os01g03750,0.890466,0.0413115
LOC_Os01g04050,LOC_Os01g04050,-0.880823,0.0182433
LOC_Os01g04350,LOC_Os01g04350,2.12934,0.00144447
LOC_Os01g04630,LOC_Os01g04630,1.43902,0.00144447
LOC_Os01g05010,LOC_Os01g05010,-0.852799,0.0025789
LOC_Os01g05060,LOC_Os01g05060,-1.01974,0.00144447
LOC_Os01g05610,LOC_Os01g05610,-0.646381,0.0268193
LOC_Os01g05630,LOC_Os01g05630,-0.706038,0.010105
LOC_Os01g05970,LOC_Os01g05970,-0.569725,0.0470521
LOC_Os01g06560,LOC_Os01g06560,1.03485,0.00619541
LOC_Os01g06580,LOC_Os01g06580,1.14405,0.00619541
LOC_Os01g06600,LOC_Os01g06600,0.684166,0.0219986
LOC_Os01g07080,LOC_Os01g07080,-0.701497,0.0165457
LOC_Os01g07140,LOC_Os01g07140,0.762519,0.00860411
LOC_Os01g07170,LOC_Os01g07170,0.809991,0.00781053
LOC_Os01g07620,LOC_Os01g07620,2.46659,0.0025789
LOC_Os01g07630,LOC_Os01g07630,0.641538,0.0176481
LOC_Os01g07940,LOC_Os01g07940,1.50239,0.00144447
LOC_Os01g08190,LOC_Os01g08190,0.721125,0.0135233
LOC_Os01g08220,LOC_Os01g08220,-1.19432,0.0153591
LOC_Os01g08250,LOC_Os01g08250,2.47887,0.00144447
LOC_Os01g08440,LOC_Os01g08440,2.26604,0.00535638
LOC_Os01g08520,LOC_Os01g08520,1.1707,0.00144447
LOC_Os01g08700,LOC_Os01g08700,0.599745,0.0268193
LOC_Os01g08770,LOC_Os01g08770,-0.951222,0.00144447
LOC_Os01g08820,LOC_Os01g08820,-0.808282,0.0165457
LOC_Os01g09410,LOC_Os01g09410,1.25635,0.0236047
LOC_Os01g09450,LOC_Os01g09450,1.4718,0.0395646
LOC_Os01g09510,LOC_Os01g09510,-0.827116,0.00144447
LOC_Os01g09540,LOC_Os01g09540,-0.887287,0.0171042
LOC_Os01g09570,LOC_Os01g09570,-0.715153,0.0230771
LOC_Os01g09800,LOC_Os01g09800,1.11407,0.00144447
LOC_Os01g10040,LOC_Os01g10040,2.29608,0.00144447
LOC_Os01g10400,LOC_Os01g10400,1.83263,0.00144447
LOC_Os01g10580,LOC_Os01g10580,1.65104,0.00144447
LOC_Os01g10690,LOC_Os01g10690,-0.739553,0.00619541
LOC_Os01g10800,LOC_Os01g10800,-0.867444,0.00936537
LOC_Os01g10820,LOC_Os01g10820,-0.620412,0.0432353
LOC_Os01g11230,LOC_Os01g11230,-0.748461,0.0215346
LOC_Os01g12090,LOC_Os01g12090,-0.822936,0.00781053
LOC_Os01g12160,LOC_Os01g12160,1.51186,0.00144447
LOC_Os01g12340,LOC_Os01g12340,1.89821,0.00144447
LOC_Os01g12374,LOC_Os01g12374,2.46783,0.0153591
LOC_Os01g12430,LOC_Os01g12430,0.881128,0.00447556
LOC_Os01g12440,LOC_Os01g12440,-1.01653,0.00144447
LOC_Os01g12480,LOC_Os01g12480,-0.756042,0.00535638
LOC_Os01g12640,LOC_Os01g12640,1.10632,0.00144447
LOC_Os01g12900,LOC_Os01g12900,1.72974,0.00144447
LOC_Os01g12910,LOC_Os01g12910,1.61656,0.0301367
LOC_Os01g13080,LOC_Os01g13080,-0.962828,0.00144447
LOC_Os01g13120,LOC_Os01g13120,2.8779,0.00144447
LOC_Os01g13210,LOC_Os01g13210,0.723971,0.0153591
LOC_Os01g13430,LOC_Os01g13430,-0.60522,0.0252889
LOC_Os01g13520,LOC_Os01g13520,1.21736,0.00144447
LOC_Os01g13690,LOC_Os01g13690,1.17099,0.0025789
LOC_Os01g14410,LOC_Os01g14410,-4.14696,0.00447556
LOC_Os01g14770,LOC_Os01g14770,1.24351,0.00144447
LOC_Os01g14830,LOC_Os01g14830,-0.898669,0.0025789
LOC_Os01g15000,LOC_Os01g15000,2.11081,0.00144447
LOC_Os01g16450,LOC_Os01g16450,-0.719743,0.0209878
LOC_Os01g16810,LOC_Os01g16810,1.85497,0.00144447
LOC_Os01g16910,LOC_Os01g16910,-0.901675,0.00535638
LOC_Os01g17060,LOC_Os01g17060,1.13783,0.00781053
LOC_Os01g17170,LOC_Os01g17170,-0.57066,0.0460416
LOC_Os01g17214,LOC_Os01g17214,0.856358,0.00355611
LOC_Os01g17320,LOC_Os01g17320,-0.741717,0.00447556
LOC_Os01g18080,LOC_Os01g18080,1.01076,0.01995
LOC_Os01g18240,LOC_Os01g18240,0.993375,0.0209878
LOC_Os01g18630,LOC_Os01g18630,0.840338,0.00355611
LOC_Os01g18670,LOC_Os01g18670,0.610039,0.0395646
LOC_Os01g18800,LOC_Os01g18800,0.766025,0.0128631
LOC_Os01g19480,LOC_Os01g19480,3.65124,0.00144447
LOC_Os01g19820,LOC_Os01g19820,2.34453,0.00144447
LOC_Os01g19840,LOC_Os01g19840,-0.80558,0.00144447
LOC_Os01g20110,LOC_Os01g20110,-0.878542,0.00144447
LOC_Os01g20780,LOC_Os01g20780,0.893632,0.0025789
LOC_Os01g21034,LOC_Os01g21034,0.755622,0.0438757
LOC_Os01g21070,LOC_Os01g21070,-1.00844,0.0108632
LOC_Os01g21120,LOC_Os01g21120,-1.40481,0.00144447
LOC_Os01g21970,LOC_Os01g21970,1.50677,0.0219986
LOC_Os01g22370,LOC_Os01g22370,-0.851396,0.0165457
LOC_Os01g22490,LOC_Os01g22490,-0.866601,0.00144447
LOC_Os01g22954,LOC_Os01g22954,-1.02524,0.0115122
LOC_Os01g24180,LOC_Os01g24180,-2.01539,0.0425371
LOC_Os01g24480,LOC_Os01g24480,1.05783,0.00144447
LOC_Os01g24690,LOC_Os01g24690,-0.633397,0.0224819
LOC_Os01g25610,LOC_Os01g25610,-0.785344,0.00355611
LOC_Os01g25990,LOC_Os01g25990,-1.23403,0.0025789
LOC_Os01g27360,LOC_Os01g27360,1.52881,0.00144447
LOC_Os01g27520,LOC_Os01g27520,-0.636987,0.0165457
LOC_Os01g27730,LOC_Os01g27730,-0.890514,0.00144447
LOC_Os01g28810,LOC_Os01g28810,3.02238,0.00144447
LOC_Os01g29804,LOC_Os01g29804,2.60061,0.00144447
LOC_Os01g32130,LOC_Os01g32130,-0.702254,0.0142094
LOC_Os01g32864,LOC_Os01g32864,3.25589,0.00781053
LOC_Os01g33030,LOC_Os01g33030,-1.04015,0.00144447
LOC_Os01g34560,LOC_Os01g34560,0.919223,0.0342066
LOC_Os01g35330,LOC_Os01g35330,7.20886,0.00144447
LOC_Os01g36400,LOC_Os01g36400,0.989424,0.0241404
LOC_Os01g36790,LOC_Os01g36790,1.52086,0.00701559
LOC_Os01g36890,LOC_Os01g36890,-0.656998,0.0204178
LOC_Os01g37280,LOC_Os01g37280,0.862714,0.00355611
LOC_Os01g37590,LOC_Os01g37590,1.84183,0.00144447
LOC_Os01g37770,LOC_Os01g37770,-0.761368,0.00619541
LOC_Os01g37837,LOC_Os01g37837,-0.906911,0.00144447
LOC_Os01g38180,LOC_Os01g38180,-2.27423,0.00535638
LOC_Os01g39000,LOC_Os01g39000,0.858167,0.00535638
LOC_Os01g39770,LOC_Os01g39770,0.879493,0.0025789
LOC_Os01g39860,LOC_Os01g39860,0.863511,0.0165457
LOC_Os01g40110,LOC_Os01g40110,-0.762448,0.00860411
LOC_Os01g40250,LOC_Os01g40250,-0.57888,0.0395646
LOC_Os01g40650,LOC_Os01g40650,-0.745182,0.0115122
LOC_Os01g40750,LOC_Os01g40750,-0.633507,0.0314313
LOC_Os01g41010,LOC_Os01g41010,1.4616,0.00144447
LOC_Os01g41030,LOC_Os01g41030,-0.832959,0.00781053
LOC_Os01g41880,LOC_Os01g41880,-0.741694,0.00144447
LOC_Os01g41960,LOC_Os01g41960,4.37771,0.0135233
LOC_Os01g42210,LOC_Os01g42210,1.81174,0.0287714
LOC_Os01g42234,LOC_Os01g42234,-2.30287,0.00144447
LOC_Os01g42380,LOC_Os01g42380,1.16273,0.00619541
LOC_Os01g42470,LOC_Os01g42470,-0.929361,0.00144447
LOC_Os01g42520,LOC_Os01g42520,-1.02303,0.00144447
LOC_Os01g43060,LOC_Os01g43060,-0.965724,0.00701559
LOC_Os01g43120,LOC_Os01g43120,-0.608926,0.0447755
LOC_Os01g43480,LOC_Os01g43480,-1.21798,0.00144447
LOC_Os01g44069,LOC_Os01g44069,2.1316,0.00144447
LOC_Os01g44394,LOC_Os01g44394,-0.696927,0.0338106
LOC_Os01g45550,LOC_Os01g45550,0.969816,0.00860411
LOC_Os01g45570,LOC_Os01g45570,2.4178,0.00701559
LOC_Os01g45700,LOC_Os01g45700,2.03273,0.0182433
LOC_Os01g45750,LOC_Os01g45750,-0.64845,0.0160083
LOC_Os01g45914,LOC_Os01g45914,-3.58758,0.00144447
LOC_Os01g46060,LOC_Os01g46060,-0.78612,0.00447556
LOC_Os01g46350,LOC_Os01g46350,1.06861,0.00355611
LOC_Os01g46870,LOC_Os01g46870,-1.35063,0.00144447
LOC_Os01g46970,LOC_Os01g46970,1.11278,0.00144447
LOC_Os01g47130,LOC_Os01g47130,1.39958,0.0142094
LOC_Os01g47180,LOC_Os01g47180,1.03119,0.00447556
LOC_Os01g47660,LOC_Os01g47660,-0.91455,0.00144447
LOC_Os01g47780,LOC_Os01g47780,1.06546,0.00144447
LOC_Os01g48270,LOC_Os01g48270,0.695974,0.0334095
LOC_Os01g48960,LOC_Os01g48960,0.803172,0.0025789
LOC_Os01g49160,LOC_Os01g49160,1.2237,0.00619541
LOC_Os01g49200,LOC_Os01g49200,-0.559027,0.0470521
LOC_Os01g49290,LOC_Os01g49290,-0.917173,0.00144447
LOC_Os01g49900,LOC_Os01g49900,-0.848814,0.00936537
LOC_Os01g50200,LOC_Os01g50200,1.26963,0.00535638
LOC_Os01g50460,LOC_Os01g50460,-1.76784,0.0115122
LOC_Os01g50720,LOC_Os01g50720,0.992042,0.0470521
LOC_Os01g50910,LOC_Os01g50910,-2.56333,0.00144447
LOC_Os01g50930,LOC_Os01g50930,-1.18579,0.00144447
LOC_Os01g50970,LOC_Os01g50970,-0.972934,0.00781053
LOC_Os01g51020,LOC_Os01g51020,-1.06035,0.00144447
LOC_Os01g51060,LOC_Os01g51060,1.24497,0.00936537
LOC_Os01g52100,LOC_Os01g52100,-0.79607,0.00860411
LOC_Os01g52240,LOC_Os01g52240,-1.10129,0.0416717
LOC_Os01g52390,LOC_Os01g52390,-0.979153,0.00144447
LOC_Os01g52490,LOC_Os01g52490,-0.732581,0.00619541
LOC_Os01g52680,LOC_Os01g52680,3.63673,0.00144447
LOC_Os01g52690,LOC_Os01g52690,0.862631,0.0342066
LOC_Os01g52750,LOC_Os01g52750,1.21503,0.0194283
LOC_Os01g52780,LOC_Os01g52780,1.04794,0.00144447
LOC_Os01g52880,LOC_Os01g52880,4.32623,0.00144447
LOC_Os01g53160,LOC_Os01g53160,3.32307,0.00144447
LOC_Os01g53200,LOC_Os01g53200,-1.20798,0.00701559
LOC_Os01g53350,LOC_Os01g53350,-1.05278,0.0108632
LOC_Os01g53720,LOC_Os01g53720,-1.00914,0.00701559
LOC_Os01g54020,LOC_Os01g54020,-0.701081,0.0425371
LOC_Os01g54210,LOC_Os01g54210,-0.989786,0.00701559
LOC_Os01g54870,LOC_Os01g54870,-0.60259,0.0296755
LOC_Os01g54910,LOC_Os01g54910,-0.793172,0.00144447
LOC_Os01g54990,LOC_Os01g54990,0.688786,0.0115122
LOC_Os01g55000,LOC_Os01g55000,0.792476,0.0128631
LOC_Os01g55100,LOC_Os01g55100,-0.804338,0.00619541
LOC_Os01g55240,LOC_Os01g55240,-1.02588,0.00355611
LOC_Os01g55500,LOC_Os01g55500,-0.888228,0.00355611
LOC_Os01g55510,LOC_Os01g55510,-1.96033,0.0263157
LOC_Os01g55700,LOC_Os01g55700,-0.667746,0.0495307
LOC_Os01g55730,LOC_Os01g55730,-0.861571,0.00701559
LOC_Os01g56460,LOC_Os01g56460,-0.711567,0.0421388
LOC_Os01g56870,LOC_Os01g56870,-1.80795,0.00144447
LOC_Os01g57082,LOC_Os01g57082,-2.71056,0.00355611
LOC_Os01g57910,LOC_Os01g57910,-0.943315,0.0128631
LOC_Os01g58048,LOC_Os01g58048,0.889459,0.0188543
LOC_Os01g58080,LOC_Os01g58080,-0.731717,0.00781053
LOC_Os01g58280,LOC_Os01g58280,1.10526,0.0142094
LOC_Os01g58420,LOC_Os01g58420,-1.68781,0.00144447
LOC_Os01g58750,LOC_Os01g58750,-0.694252,0.0171042
LOC_Os01g59060,LOC_Os01g59060,-0.849693,0.00535638
LOC_Os01g59730,LOC_Os01g59730,-1.96791,0.00144447
LOC_Os01g59990,LOC_Os01g59990,-0.6708,0.0115122
LOC_Os01g60260,LOC_Os01g60260,-1.01205,0.00144447
LOC_Os01g60770,LOC_Os01g60770,2.28731,0.00860411
LOC_Os01g60790,LOC_Os01g60790,-0.656959,0.01995
LOC_Os01g61010,LOC_Os01g61010,1.14828,0.0310612
LOC_Os01g61620,LOC_Os01g61620,-0.974498,0.00144447
LOC_Os01g61830,LOC_Os01g61830,-0.655117,0.0194283
LOC_Os01g61990,LOC_Os01g61990,-0.800884,0.0278949
LOC_Os01g62200,LOC_Os01g62200,-1.11135,0.00355611
LOC_Os01g62210,LOC_Os01g62210,-0.962171,0.00144447
LOC_Os01g62230,LOC_Os01g62230,-0.646763,0.0176481
LOC_Os01g62350,LOC_Os01g62350,-1.1189,0.00144447
LOC_Os01g62584,LOC_Os01g62584,-0.976684,0.0148111
LOC_Os01g62610,LOC_Os01g62610,-1.49799,0.00144447
LOC_Os01g62920,LOC_Os01g62920,0.744237,0.0128631
LOC_Os01g63210,LOC_Os01g63210,-2.17367,0.00447556
LOC_Os01g63480,LOC_Os01g63480,-1.0955,0.00936537
LOC_Os01g63500,LOC_Os01g63500,1.01645,0.0451997
LOC_Os01g63710,LOC_Os01g63710,-0.868371,0.00355611
LOC_Os01g64020,LOC_Os01g64020,-2.03572,0.00447556
LOC_Os01g64090,LOC_Os01g64090,-0.864137,0.00144447
LOC_Os01g64170,LOC_Os01g64170,1.63852,0.0115122
LOC_Os01g64310,LOC_Os01g64310,-1.35087,0.0499535
LOC_Os01g64640,LOC_Os01g64640,-1.18456,0.00144447
LOC_Os01g64730,LOC_Os01g64730,0.655493,0.01995
LOC_Os01g64860,LOC_Os01g64860,1.80783,0.0025789
LOC_Os01g65100,LOC_Os01g65100,-0.971818,0.0182433
LOC_Os01g65260,LOC_Os01g65260,1.162,0.0160083
LOC_Os01g65420,LOC_Os01g65420,-1.54343,0.00936537
LOC_Os01g65460,LOC_Os01g65460,-0.631694,0.0171042
LOC_Os01g65920,LOC_Os01g65920,0.749996,0.0215346
LOC_Os01g66010,LOC_Os01g66010,-2.2015,0.00144447
LOC_Os01g66030,LOC_Os01g66030,2.60923,0.00144447
LOC_Os01g66120,LOC_Os01g66120,0.799612,0.0435347
LOC_Os01g66200,LOC_Os01g66200,0.648548,0.0296755
LOC_Os01g66490,LOC_Os01g66490,1.38319,0.00144447
LOC_Os01g66500,LOC_Os01g66500,-0.644907,0.0236047
LOC_Os01g67134,LOC_Os01g67134,-0.599541,0.0314313
LOC_Os01g67390,LOC_Os01g67390,-1.05347,0.0204178
LOC_Os01g67500,LOC_Os01g67500,0.613346,0.0371932
LOC_Os01g68020,LOC_Os01g68020,0.822098,0.0345976
LOC_Os01g68310,LOC_Os01g68310,-0.72241,0.0176481
LOC_Os01g68480,LOC_Os01g68480,-0.770807,0.0153591
LOC_Os01g68589,LOC_Os01g68589,-0.8468,0.0359847
LOC_Os01g68650,LOC_Os01g68650,1.33829,0.0171042
LOC_Os01g68790,LOC_Os01g68790,-0.654351,0.0142094
LOC_Os01g68870,LOC_Os01g68870,2.76651,0.00144447
LOC_Os01g69030,LOC_Os01g69030,1.5313,0.00144447
LOC_Os01g69830,LOC_Os01g69830,-0.797818,0.0128631
LOC_Os01g69970,LOC_Os01g69970,-0.768465,0.0025789
LOC_Os01g70710,LOC_Os01g70710,0.690785,0.0224819
LOC_Os01g70730,LOC_Os01g70730,2.72624,0.00144447
LOC_Os01g70860,LOC_Os01g70860,1.34656,0.00144447
LOC_Os01g71230,LOC_Os01g71230,-0.752072,0.0025789
LOC_Os01g71690,LOC_Os01g71690,-0.782163,0.00781053
LOC_Os01g71930,LOC_Os01g71930,0.949721,0.00535638
LOC_Os01g72290,LOC_Os01g72290,1.94062,0.00144447
LOC_Os01g72470,LOC_Os01g72470,-3.55607,0.0176481
LOC_Os01g72630,LOC_Os01g72630,1.61786,0.0263157
LOC_Os01g72780,LOC_Os01g72780,-0.648185,0.0318893
LOC_Os01g72800,LOC_Os01g72800,-0.672829,0.0301367
LOC_Os01g73160,LOC_Os01g73160,-0.718352,0.0025789
LOC_Os01g73550,LOC_Os01g73550,-0.87331,0.0025789
LOC_Os01g73580,LOC_Os01g73580,1.17214,0.0246692
LOC_Os01g74190,LOC_Os01g74190,-0.847413,0.0025789
LOC_Os01g74340,LOC_Os01g74340,-1.10305,0.0025789
LOC_Os01g74480,LOC_Os01g74480,-1.68887,0.0165457
LOC_Os01g74540,LOC_Os01g74540,-0.808231,0.00447556
LOC_Os02g01150,LOC_Os02g01150,0.709991,0.0401884
LOC_Os02g01332,LOC_Os02g01332,-0.934519,0.00144447
LOC_Os02g01350,LOC_Os02g01350,-0.764587,0.00535638
LOC_Os02g01560,LOC_Os02g01560,-0.678362,0.0108632
LOC_Os02g01700,LOC_Os02g01700,1.1843,0.0475095
LOC_Os02g02020,LOC_Os02g02020,-0.643951,0.0188543
LOC_Os02g02130,LOC_Os02g02130,-0.761161,0.00860411
LOC_Os02g02320,LOC_Os02g02320,-0.646283,0.0287714
LOC_Os02g02360,LOC_Os02g02360,-0.753989,0.00535638
LOC_Os02g02400,LOC_Os02g02400,1.98117,0.00144447
LOC_Os02g02850,LOC_Os02g02850,-0.673558,0.0359847
LOC_Os02g02910,LOC_Os02g02910,0.891766,0.0395646
LOC_Os02g03030,LOC_Os02g03030,-0.92907,0.0435347
LOC_Os02g03120,LOC_Os02g03120,-2.12824,0.0025789
LOC_Os02g03260,LOC_Os02g03260,-0.595987,0.0460416
LOC_Os02g03700,LOC_Os02g03700,-0.721831,0.0252889
LOC_Os02g03740,LOC_Os02g03740,-0.82214,0.0499535
LOC_Os02g03890,LOC_Os02g03890,-0.561009,0.0442813
LOC_Os02g04120,LOC_Os02g04120,-1.02452,0.0371932
LOC_Os02g04270,LOC_Os02g04270,-0.822492,0.00144447
LOC_Os02g04500,LOC_Os02g04500,-0.999703,0.0194283
LOC_Os02g04510,LOC_Os02g04510,-1.68357,0.00144447
LOC_Os02g04650,LOC_Os02g04650,-0.668391,0.0350036
LOC_Os02g04660,LOC_Os02g04660,-0.846924,0.00144447
LOC_Os02g04690,LOC_Os02g04690,-1.99827,0.00144447
LOC_Os02g04810,LOC_Os02g04810,2.02439,0.00144447
LOC_Os02g06779,LOC_Os02g06779,1.50037,0.0478225
LOC_Os02g06910,LOC_Os02g06910,1.20636,0.00144447
LOC_Os02g07030,LOC_Os02g07030,8.13029,0.00144447
LOC_Os02g07040,LOC_Os02g07040,1.33055,0.00144447
LOC_Os02g07044,LOC_Os02g07044,2.76078,0.00144447
LOC_Os02g07110,LOC_Os02g07110,1.29777,0.00144447
LOC_Os02g07490,LOC_Os02g07490,-0.73732,0.00936537
LOC_Os02g07900,LOC_Os02g07900,-1.46394,0.0314313
LOC_Os02g08220,LOC_Os02g08220,1.7703,0.00144447
LOC_Os02g08530,LOC_Os02g08530,0.747495,0.0148111
LOC_Os02g09380,LOC_Os02g09380,-0.761498,0.0188543
LOC_Os02g09480,LOC_Os02g09480,-0.808437,0.01995
LOC_Os02g09590,LOC_Os02g09590,-0.724398,0.0495307
LOC_Os02g09630,LOC_Os02g09630,1.0054,0.0401884
LOC_Os02g10220,LOC_Os02g10220,-0.7684,0.00535638
LOC_Os02g10260,LOC_Os02g10260,-0.592556,0.0416717
LOC_Os02g10810,LOC_Os02g10810,-0.597076,0.0388817
LOC_Os02g10920,LOC_Os02g10920,-0.595303,0.0432353
LOC_Os02g11020,LOC_Os02g11020,2.49418,0.00144447
LOC_Os02g12790,LOC_Os02g12790,-0.707677,0.0350036
LOC_Os02g12794,LOC_Os02g12794,-0.645854,0.0148111
LOC_Os02g13310,LOC_Os02g13310,0.779424,0.0153591
LOC_Os02g13530,LOC_Os02g13530,-0.693711,0.0171042
LOC_Os02g13660,LOC_Os02g13660,4.06825,0.00144447
LOC_Os02g13950,LOC_Os02g13950,0.926649,0.00144447
LOC_Os02g14500,LOC_Os02g14500,-0.763605,0.00535638
LOC_Os02g14860,LOC_Os02g14860,-0.627469,0.0376365
LOC_Os02g15520,LOC_Os02g15520,1.07857,0.0482521
LOC_Os02g15540,LOC_Os02g15540,1.66898,0.00144447
LOC_Os02g15640,LOC_Os02g15640,0.961393,0.00144447
LOC_Os02g15690,LOC_Os02g15690,0.718666,0.0176481
LOC_Os02g15950,LOC_Os02g15950,0.836967,0.00936537
LOC_Os02g16030,LOC_Os02g16030,0.974119,0.0204178
LOC_Os02g16909,LOC_Os02g16909,0.828482,0.0209878
LOC_Os02g17760,LOC_Os02g17760,0.879954,0.040559
LOC_Os02g17970,LOC_Os02g17970,1.58855,0.00144447
LOC_Os02g18150,LOC_Os02g18150,0.872767,0.0292265
LOC_Os02g18380,LOC_Os02g18380,-0.779205,0.0025789
LOC_Os02g18390,LOC_Os02g18390,-1.50552,0.00144447
LOC_Os02g18450,LOC_Os02g18450,-0.738225,0.00936537
LOC_Os02g18830,LOC_Os02g18830,-0.922713,0.0025789
LOC_Os02g19130,LOC_Os02g19130,1.53814,0.0413115
LOC_Os02g20360,LOC_Os02g20360,-3.77392,0.0283631
LOC_Os02g21660,LOC_Os02g21660,-0.831867,0.00144447
LOC_Os02g22780,LOC_Os02g22780,-0.612196,0.0224819
LOC_Os02g24080,LOC_Os02g24080,-0.772308,0.0296755
LOC_Os02g24270,LOC_Os02g24270,1.15821,0.00355611
LOC_Os02g24330,LOC_Os02g24330,-0.656996,0.0246692
LOC_Os02g24354,LOC_Os02g24354,-0.713991,0.010105
LOC_Os02g26614,LOC_Os02g26614,1.61809,0.00144447
LOC_Os02g26700,LOC_Os02g26700,0.840985,0.00144447
LOC_Os02g26790,LOC_Os02g26790,-0.779569,0.0115122
LOC_Os02g27000,LOC_Os02g27000,5.03897,0.00144447
LOC_Os02g27480,LOC_Os02g27480,-1.37476,0.0135233
LOC_Os02g27810,LOC_Os02g27810,1.23585,0.0025789
LOC_Os02g27960,LOC_Os02g27960,-0.744787,0.0165457
LOC_Os02g28170,LOC_Os02g28170,2.66844,0.0301367
LOC_Os02g28810,LOC_Os02g28810,-0.887995,0.00355611
LOC_Os02g28900,LOC_Os02g28900,2.60092,0.00144447
LOC_Os02g29400,LOC_Os02g29400,-1.01734,0.00144447
LOC_Os02g30080,LOC_Os02g30080,1.1326,0.00144447
LOC_Os02g30910,LOC_Os02g30910,-2.15509,0.00144447
LOC_Os02g31230,LOC_Os02g31230,5.86667,0.0470521
LOC_Os02g32030,LOC_Os02g32030,-0.600823,0.0368084
LOC_Os02g32250,LOC_Os02g32250,0.921256,0.00144447
LOC_Os02g32469,LOC_Os02g32469,0.736755,0.00781053
LOC_Os02g32610,LOC_Os02g32610,0.6261,0.0470521
LOC_Os02g32760,LOC_Os02g32760,-0.959713,0.00144447
LOC_Os02g32814,LOC_Os02g32814,2.49546,0.00144447
LOC_Os02g32980,LOC_Os02g32980,1.37852,0.0122338
LOC_Os02g33140,LOC_Os02g33140,-1.1347,0.00144447
LOC_Os02g33420,LOC_Os02g33420,0.92265,0.00144447
LOC_Os02g33460,LOC_Os02g33460,1.34888,0.00619541
LOC_Os02g33540,LOC_Os02g33540,-1.44849,0.00701559
LOC_Os02g34740,LOC_Os02g34740,-1.00026,0.0384703
LOC_Os02g34940,LOC_Os02g34940,-1.3183,0.0142094
LOC_Os02g34990,LOC_Os02g34990,-2.1883,0.00701559
LOC_Os02g35060,LOC_Os02g35060,-1.04624,0.00144447
LOC_Os02g35100,LOC_Os02g35100,-0.637928,0.0371932
LOC_Os02g35910,LOC_Os02g35910,-0.674344,0.0338106
LOC_Os02g35940,LOC_Os02g35940,-0.994501,0.0292265
LOC_Os02g35950,LOC_Os02g35950,-0.637489,0.0171042
LOC_Os02g36710,LOC_Os02g36710,-0.647041,0.0171042
LOC_Os02g36924,LOC_Os02g36924,3.08405,0.00144447
LOC_Os02g36960,LOC_Os02g36960,0.855042,0.0148111
LOC_Os02g37070,LOC_Os02g37070,-1.63299,0.00781053
LOC_Os02g37109,LOC_Os02g37109,0.89748,0.0176481
LOC_Os02g37862,LOC_Os02g37862,-0.867852,0.00144447
LOC_Os02g37870,LOC_Os02g37870,-0.936668,0.00144447
LOC_Os02g38140,LOC_Os02g38140,-0.633573,0.0464359
LOC_Os02g38810,LOC_Os02g38810,-0.765874,0.0283631
LOC_Os02g38920,LOC_Os02g38920,-0.604352,0.0268193
LOC_Os02g39384,LOC_Os02g39384,-1.85841,0.0401884
LOC_Os02g39850,LOC_Os02g39850,1.86891,0.00144447
LOC_Os02g39870,LOC_Os02g39870,-0.94144,0.00144447
LOC_Os02g40010,LOC_Os02g40010,0.919092,0.00144447
LOC_Os02g40040,LOC_Os02g40040,-0.713935,0.0438757
LOC_Os02g40260,LOC_Os02g40260,2.39844,0.00144447
LOC_Os02g40280,LOC_Os02g40280,-1.81174,0.0388817
LOC_Os02g40510,LOC_Os02g40510,0.660815,0.0413115
LOC_Os02g40514,LOC_Os02g40514,-0.642377,0.01995
LOC_Os02g40880,LOC_Os02g40880,-0.751735,0.00144447
LOC_Os02g41460,LOC_Os02g41460,0.723475,0.0209878
LOC_Os02g41610,LOC_Os02g41610,2.97438,0.00144447
LOC_Os02g41680,LOC_Os02g41680,1.1891,0.00144447
LOC_Os02g41770,LOC_Os02g41770,-0.939297,0.01995
LOC_Os02g41860,LOC_Os02g41860,1.42088,0.00144447
LOC_Os02g41904,LOC_Os02g41904,-0.851859,0.00144447
LOC_Os02g42210,LOC_Os02g42210,-0.794738,0.00619541
LOC_Os02g42370,LOC_Os02g42370,-1.16847,0.00144447
LOC_Os02g42740,LOC_Os02g42740,1.13985,0.00144447
LOC_Os02g42850,LOC_Os02g42850,1.05253,0.0204178
LOC_Os02g42880,LOC_Os02g42880,-0.987255,0.0194283
LOC_Os02g43020,LOC_Os02g43020,-0.719395,0.00619541
LOC_Os02g43080,LOC_Os02g43080,-1.16888,0.00144447
LOC_Os02g43280,LOC_Os02g43280,0.691135,0.0148111
LOC_Os02g43594,LOC_Os02g43594,1.63347,0.00144447
LOC_Os02g43640,LOC_Os02g43640,0.619305,0.0354856
LOC_Os02g43670,LOC_Os02g43670,1.14244,0.00144447
LOC_Os02g43970,LOC_Os02g43970,-1.42735,0.00144447
LOC_Os02g44300,LOC_Os02g44300,1.26575,0.00355611
LOC_Os02g44900,LOC_Os02g44900,-0.743366,0.0384703
LOC_Os02g45040,LOC_Os02g45040,-1.12006,0.00144447
LOC_Os02g45570,LOC_Os02g45570,-1.3459,0.0025789
LOC_Os02g45660,LOC_Os02g45660,-0.843405,0.0342066
LOC_Os02g45820,LOC_Os02g45820,-0.761334,0.0460416
LOC_Os02g46130,LOC_Os02g46130,-0.601454,0.0287714
LOC_Os02g46150,LOC_Os02g46150,-0.621589,0.0376365
LOC_Os02g46473,LOC_Os02g46473,0.997265,0.0495307
LOC_Os02g46650,LOC_Os02g46650,-0.926439,0.00144447
LOC_Os02g46940,LOC_Os02g46940,1.11426,0.00781053
LOC_Os02g46990,LOC_Os02g46990,-0.691097,0.0153591
LOC_Os02g47020,LOC_Os02g47020,-0.827133,0.00619541
LOC_Os02g47120,LOC_Os02g47120,0.623762,0.0416717
LOC_Os02g47140,LOC_Os02g47140,-0.964561,0.00144447
LOC_Os02g47470,LOC_Os02g47470,-0.985629,0.00144447
LOC_Os02g47510,LOC_Os02g47510,2.17536,0.040559
LOC_Os02g47940,LOC_Os02g47940,-0.628127,0.0409044
LOC_Os02g48360,LOC_Os02g48360,-0.810774,0.00144447
LOC_Os02g48600,LOC_Os02g48600,-0.745008,0.0354856
LOC_Os02g48660,LOC_Os02g48660,-1.09474,0.00144447
LOC_Os02g49080,LOC_Os02g49080,0.634026,0.0334095
LOC_Os02g49230,LOC_Os02g49230,1.46269,0.0135233
LOC_Os02g49270,LOC_Os02g49270,-0.672299,0.0135233
LOC_Os02g49360,LOC_Os02g49360,-0.752004,0.00355611
LOC_Os02g49440,LOC_Os02g49440,1.59565,0.00144447
LOC_Os02g49620,LOC_Os02g49620,-0.683691,0.0224819
LOC_Os02g49780,LOC_Os02g49780,-0.664135,0.0435347
LOC_Os02g49950,LOC_Os02g49950,-0.623535,0.0258554
LOC_Os02g50900,LOC_Os02g50900,-1.14066,0.00781053
LOC_Os02g51280,LOC_Os02g51280,-0.669159,0.0148111
LOC_Os02g51370,LOC_Os02g51370,0.858949,0.0176481
LOC_Os02g51390,LOC_Os02g51390,1.05594,0.00144447
LOC_Os02g51620,LOC_Os02g51620,1.1574,0.00144447
LOC_Os02g51710,LOC_Os02g51710,-0.67073,0.0230771
LOC_Os02g51750,LOC_Os02g51750,0.874078,0.00144447
LOC_Os02g51760,LOC_Os02g51760,2.63363,0.00781053
LOC_Os02g51890,LOC_Os02g51890,-0.936594,0.0230771
LOC_Os02g52150,LOC_Os02g52150,-2.55073,0.00144447
LOC_Os02g52390,LOC_Os02g52390,-0.698057,0.00144447
LOC_Os02g52480,LOC_Os02g52480,0.928904,0.0296755
LOC_Os02g52880,LOC_Os02g52880,-0.633318,0.0401884
LOC_Os02g53169,LOC_Os02g53169,1.61754,0.0204178
LOC_Os02g53180,LOC_Os02g53180,2.98779,0.00144447
LOC_Os02g53420,LOC_Os02g53420,-0.668094,0.0160083
LOC_Os02g54060,LOC_Os02g54060,-1.03873,0.00144447
LOC_Os02g54110,LOC_Os02g54110,-0.826967,0.00144447
LOC_Os02g54190,LOC_Os02g54190,2.16572,0.00144447
LOC_Os02g54540,LOC_Os02g54540,2.23983,0.0416717
LOC_Os02g54710,LOC_Os02g54710,-1.07942,0.0025789
LOC_Os02g54870,LOC_Os02g54870,1.78096,0.00144447
LOC_Os02g55260,LOC_Os02g55260,-1.13726,0.00144447
LOC_Os02g55370,LOC_Os02g55370,-0.677404,0.0171042
LOC_Os02g55410,LOC_Os02g55410,-0.670517,0.0128631
LOC_Os02g55420,LOC_Os02g55420,-0.824849,0.00144447
LOC_Os02g55480,LOC_Os02g55480,2.00994,0.00144447
LOC_Os02g55560,LOC_Os02g55560,0.832212,0.0432353
LOC_Os02g55940,LOC_Os02g55940,-0.656675,0.0296755
LOC_Os02g56020,LOC_Os02g56020,-0.937681,0.030574
LOC_Os02g56130,LOC_Os02g56130,-0.931296,0.00144447
LOC_Os02g56280,LOC_Os02g56280,0.968123,0.00144447
LOC_Os02g56334,LOC_Os02g56334,-1.56528,0.0384703
LOC_Os02g56490,LOC_Os02g56490,1.52352,0.00144447
LOC_Os02g56900,LOC_Os02g56900,-0.88246,0.0025789
LOC_Os02g56920,LOC_Os02g56920,-0.872154,0.00144447
LOC_Os02g56960,LOC_Os02g56960,-1.12588,0.00144447
LOC_Os02g56990,LOC_Os02g56990,-0.732339,0.010105
LOC_Os02g57110,LOC_Os02g57110,2.6773,0.00144447
LOC_Os02g57160,LOC_Os02g57160,-0.824064,0.0122338
LOC_Os02g57540,LOC_Os02g57540,-0.801838,0.00144447
LOC_Os02g57590,LOC_Os02g57590,-0.974859,0.00144447
LOC_Os02g57670,LOC_Os02g57670,-0.850246,0.00535638
LOC_Os02g58150,LOC_Os02g58150,-0.848169,0.0388817
LOC_Os02g58210,LOC_Os02g58210,0.801482,0.00860411
LOC_Os02g58214,LOC_Os02g58214,1.77427,0.00355611
LOC_Os02g58300,LOC_Os02g58300,-0.635708,0.0318893
LOC_Os02g58350,LOC_Os02g58350,2.3838,0.00144447
LOC_Os02g58360,LOC_Os02g58360,2.67731,0.00144447
LOC_Os02g58460,LOC_Os02g58460,-0.664532,0.0219986
LOC_Os02g58650,LOC_Os02g58650,-0.659875,0.0371932
LOC_Os03g01008,LOC_Os03g01008,-1.14189,0.00144447
LOC_Os03g01020,LOC_Os03g01020,-1.02688,0.0025789
LOC_Os03g01110,LOC_Os03g01110,-0.608099,0.0342066
LOC_Os03g01270,LOC_Os03g01270,-0.897594,0.0491304
LOC_Os03g01320,LOC_Os03g01320,2.63277,0.00144447
LOC_Os03g01880,LOC_Os03g01880,1.36988,0.00144447
LOC_Os03g01900,LOC_Os03g01900,-0.925892,0.00447556
LOC_Os03g01910,LOC_Os03g01910,-0.717421,0.00447556
LOC_Os03g02040,LOC_Os03g02040,3.47164,0.00144447
LOC_Os03g02160,LOC_Os03g02160,0.606138,0.0310612
LOC_Os03g02240,LOC_Os03g02240,0.833958,0.00447556
LOC_Os03g02260,LOC_Os03g02260,-0.625668,0.0215346
LOC_Os03g02280,LOC_Os03g02280,1.46219,0.0342066
LOC_Os03g02460,LOC_Os03g02460,2.45358,0.00936537
LOC_Os03g02470,LOC_Os03g02470,8.01473,0.00144447
LOC_Os03g02780,LOC_Os03g02780,-0.632354,0.0292265
LOC_Os03g02980,LOC_Os03g02980,0.88034,0.0345976
LOC_Os03g03020,LOC_Os03g03020,-0.841793,0.00447556
LOC_Os03g03140,LOC_Os03g03140,-0.732773,0.0435347
LOC_Os03g03470,LOC_Os03g03470,-1.03104,0.00701559
LOC_Os03g03724,LOC_Os03g03724,1.52561,0.0258554
LOC_Os03g03810,LOC_Os03g03810,3.09784,0.0350036
LOC_Os03g03980,LOC_Os03g03980,-1.52243,0.0432353
LOC_Os03g03990,LOC_Os03g03990,-0.929514,0.0246692
LOC_Os03g04100,LOC_Os03g04100,-0.8474,0.0025789
LOC_Os03g04169,LOC_Os03g04169,-0.562461,0.0478225
LOC_Os03g04430,LOC_Os03g04430,0.872144,0.00144447
LOC_Os03g04590,LOC_Os03g04590,-0.940073,0.00144447
LOC_Os03g04710,LOC_Os03g04710,0.906037,0.00781053
LOC_Os03g04750,LOC_Os03g04750,-0.690419,0.0160083
LOC_Os03g04770,LOC_Os03g04770,-2.04336,0.00144447
LOC_Os03g04970,LOC_Os03g04970,-1.0551,0.00144447
LOC_Os03g05390,LOC_Os03g05390,0.585297,0.0364192
LOC_Os03g05530,LOC_Os03g05530,1.37103,0.00144447
LOC_Os03g05720,LOC_Os03g05720,-0.570047,0.0482521
LOC_Os03g05980,LOC_Os03g05980,-0.549834,0.0460416
LOC_Os03g06240,LOC_Os03g06240,0.753711,0.00619541
LOC_Os03g06400,LOC_Os03g06400,1.6599,0.00144447
LOC_Os03g06610,LOC_Os03g06610,2.34005,0.00144447
LOC_Os03g06680,LOC_Os03g06680,0.659222,0.0268193
LOC_Os03g06700,LOC_Os03g06700,1.77638,0.0323996
LOC_Os03g06705,LOC_Os03g06705,2.81601,0.00144447
LOC_Os03g06890,LOC_Os03g06890,-0.793536,0.030574
LOC_Os03g06980,LOC_Os03g06980,-1.03436,0.00144447
LOC_Os03g07120,LOC_Os03g07120,2.69871,0.00144447
LOC_Os03g07480,LOC_Os03g07480,3.41732,0.00144447
LOC_Os03g07510,LOC_Os03g07510,-2.10939,0.00355611
LOC_Os03g08050,LOC_Os03g08050,-0.604525,0.0236047
LOC_Os03g08450,LOC_Os03g08450,-0.675586,0.0148111
LOC_Os03g08580,LOC_Os03g08580,1.25612,0.00447556
LOC_Os03g08960,LOC_Os03g08960,1.66721,0.00144447
LOC_Os03g09070,LOC_Os03g09070,3.25472,0.00144447
LOC_Os03g09250,LOC_Os03g09250,-1.79061,0.00144447
LOC_Os03g10090,LOC_Os03g10090,1.03747,0.00144447
LOC_Os03g10190,LOC_Os03g10190,-0.620605,0.0368084
LOC_Os03g10320,LOC_Os03g10320,3.10883,0.0345976
LOC_Os03g10340,LOC_Os03g10340,-0.668931,0.0381186
LOC_Os03g10410,LOC_Os03g10410,-1.15711,0.0025789
LOC_Os03g10600,LOC_Os03g10600,-0.631179,0.0273338
LOC_Os03g10620,LOC_Os03g10620,0.9356,0.00355611
LOC_Os03g11510,LOC_Os03g11510,-1.1815,0.00144447
LOC_Os03g11540,LOC_Os03g11540,-0.748053,0.0025789
LOC_Os03g11600,LOC_Os03g11600,-1.84795,0.00144447
LOC_Os03g12470,LOC_Os03g12470,1.51206,0.0122338
LOC_Os03g12530,LOC_Os03g12530,0.642241,0.0258554
LOC_Os03g12990,LOC_Os03g12990,1.64831,0.0165457
LOC_Os03g13520,LOC_Os03g13520,2.82533,0.0342066
LOC_Os03g13800,LOC_Os03g13800,-0.877877,0.00144447
LOC_Os03g13950,LOC_Os03g13950,0.929409,0.00144447
LOC_Os03g14000,LOC_Os03g14000,0.656866,0.0478225
LOC_Os03g14040,LOC_Os03g14040,-0.830255,0.0128631
LOC_Os03g14130,LOC_Os03g14130,1.4062,0.00144447
LOC_Os03g14530,LOC_Os03g14530,-0.890042,0.00144447
LOC_Os03g14570,LOC_Os03g14570,1.83888,0.00860411
LOC_Os03g15020,LOC_Os03g15020,-0.961343,0.00144447
LOC_Os03g15120,LOC_Os03g15120,-0.656471,0.0204178
LOC_Os03g15410,LOC_Os03g15410,-0.601777,0.0301367
LOC_Os03g15530,LOC_Os03g15530,-1.68078,0.00144447
LOC_Os03g15540,LOC_Os03g15540,-0.626922,0.0421388
LOC_Os03g16050,LOC_Os03g16050,-1.0936,0.00781053
LOC_Os03g16080,LOC_Os03g16080,-0.754456,0.00781053
LOC_Os03g16110,LOC_Os03g16110,0.614496,0.0219986
LOC_Os03g16780,LOC_Os03g16780,0.852394,0.00144447
LOC_Os03g16860,LOC_Os03g16860,-1.06881,0.00144447
LOC_Os03g17100,LOC_Os03g17100,-0.975892,0.00144447
LOC_Os03g17210,LOC_Os03g17210,0.728067,0.00447556
LOC_Os03g17500,LOC_Os03g17500,-0.86864,0.00701559
LOC_Os03g17850,LOC_Os03g17850,1.41756,0.0468042
LOC_Os03g18070,LOC_Os03g18070,-0.881762,0.00144447
LOC_Os03g18130,LOC_Os03g18130,2.55863,0.00144447
LOC_Os03g18264,LOC_Os03g18264,0.714078,0.00936537
LOC_Os03g18300,LOC_Os03g18300,2.51292,0.00144447
LOC_Os03g18410,LOC_Os03g18410,-0.845045,0.00355611
LOC_Os03g18430,LOC_Os03g18430,0.681949,0.0153591
LOC_Os03g18500,LOC_Os03g18500,-0.730254,0.0401884
LOC_Os03g18510,LOC_Os03g18510,-0.726338,0.00535638
LOC_Os03g18630,LOC_Os03g18630,-0.819434,0.00701559
LOC_Os03g18770,LOC_Os03g18770,-1.2873,0.00144447
LOC_Os03g18779,LOC_Os03g18779,8.21548,0.0442813
LOC_Os03g18810,LOC_Os03g18810,-0.67378,0.0182433
LOC_Os03g18840,LOC_Os03g18840,-0.782773,0.00447556
LOC_Os03g19000,LOC_Os03g19000,1.97304,0.0438757
LOC_Os03g19070,LOC_Os03g19070,-1.88647,0.00144447
LOC_Os03g19220,LOC_Os03g19220,1.49476,0.0246692
LOC_Os03g19570,LOC_Os03g19570,-0.756855,0.010105
LOC_Os03g19670,LOC_Os03g19670,-1.24229,0.00447556
LOC_Os03g19680,LOC_Os03g19680,0.855173,0.0395646
LOC_Os03g19870,LOC_Os03g19870,-0.656045,0.0263157
LOC_Os03g19930,LOC_Os03g19930,-0.621702,0.0338106
LOC_Os03g20740,LOC_Os03g20740,-2.83758,0.0438757
LOC_Os03g21530,LOC_Os03g21530,-0.68646,0.0301367
LOC_Os03g21550,LOC_Os03g21550,-0.723275,0.00447556
LOC_Os03g21560,LOC_Os03g21560,-0.893475,0.0142094
LOC_Os03g21940,LOC_Os03g21940,-0.784146,0.00144447
LOC_Os03g21970,LOC_Os03g21970,-1.13039,0.00144447
LOC_Os03g22180,LOC_Os03g22180,-0.830582,0.00144447
LOC_Os03g22320,LOC_Os03g22320,-0.892219,0.00144447
LOC_Os03g22340,LOC_Os03g22340,-0.755188,0.00447556
LOC_Os03g22350,LOC_Os03g22350,-0.734507,0.00781053
LOC_Os03g22490,LOC_Os03g22490,0.84515,0.0122338
LOC_Os03g22510,LOC_Os03g22510,3.79313,0.0292265
LOC_Os03g22730,LOC_Os03g22730,-0.943527,0.00144447
LOC_Os03g22740,LOC_Os03g22740,-0.627698,0.0224819
LOC_Os03g22880,LOC_Os03g22880,-0.879761,0.00144447
LOC_Os03g23970,LOC_Os03g23970,-0.718583,0.0491305
LOC_Os03g24020,LOC_Os03g24020,-0.839006,0.00355611
LOC_Os03g25050,LOC_Os03g25050,-0.929768,0.00144447
LOC_Os03g25450,LOC_Os03g25450,-1.10158,0.00144447
LOC_Os03g25620,LOC_Os03g25620,-0.634153,0.0323996
LOC_Os03g25750,LOC_Os03g25750,-1.03839,0.00936537
LOC_Os03g25960,LOC_Os03g25960,-1.03564,0.00144447
LOC_Os03g26460,LOC_Os03g26460,-0.882626,0.00144447
LOC_Os03g27230,LOC_Os03g27230,1.04819,0.00144447
LOC_Os03g27260,LOC_Os03g27260,-0.638515,0.0204178
LOC_Os03g27590,LOC_Os03g27590,0.917129,0.040559
LOC_Os03g27990,LOC_Os03g27990,1.00088,0.01995
LOC_Os03g29460,LOC_Os03g29460,-0.622162,0.0310612
LOC_Os03g29630,LOC_Os03g29630,-0.932506,0.0241404
LOC_Os03g29740,LOC_Os03g29740,-0.952921,0.00144447
LOC_Os03g29970,LOC_Os03g29970,-1.06393,0.0204178
LOC_Os03g30550,LOC_Os03g30550,-0.585859,0.0342066
LOC_Os03g31090,LOC_Os03g31090,-0.678138,0.0165457
LOC_Os03g31134,LOC_Os03g31134,-0.955524,0.00144447
LOC_Os03g31679,LOC_Os03g31679,0.667476,0.0334095
LOC_Os03g36130,LOC_Os03g36130,1.50692,0.00355611
LOC_Os03g36540,LOC_Os03g36540,-0.810656,0.00447556
LOC_Os03g36780,LOC_Os03g36780,-0.578317,0.0364192
LOC_Os03g37270,LOC_Os03g37270,-0.773853,0.00144447
LOC_Os03g37640,LOC_Os03g37640,-0.818026,0.030574
LOC_Os03g38000,LOC_Os03g38000,-0.900087,0.00144447
LOC_Os03g38170,LOC_Os03g38170,-2.2798,0.00144447
LOC_Os03g38250,LOC_Os03g38250,2.36701,0.00144447
LOC_Os03g38260,LOC_Os03g38260,-0.68401,0.00619541
LOC_Os03g38980,LOC_Os03g38980,-0.675609,0.00860411
LOC_Os03g38990,LOC_Os03g38990,-0.650147,0.0292265
LOC_Os03g39740,LOC_Os03g39740,-0.676332,0.0135233
LOC_Os03g40180,LOC_Os03g40180,-0.680827,0.0115122
LOC_Os03g40540,LOC_Os03g40540,0.687211,0.0364192
LOC_Os03g41200,LOC_Os03g41200,-3.26149,0.00144447
LOC_Os03g42070,LOC_Os03g42070,1.04126,0.0350036
LOC_Os03g42220,LOC_Os03g42220,-0.81178,0.00144447
LOC_Os03g42770,LOC_Os03g42770,-0.989998,0.00144447
LOC_Os03g44230,LOC_Os03g44230,1.95859,0.00144447
LOC_Os03g44290,LOC_Os03g44290,0.643169,0.040559
LOC_Os03g44430,LOC_Os03g44430,-0.685471,0.0409044
LOC_Os03g44520,LOC_Os03g44520,-0.871586,0.0399862
LOC_Os03g44530,LOC_Os03g44530,-0.926805,0.00144447
LOC_Os03g46040,LOC_Os03g46040,2.6016,0.00144447
LOC_Os03g46090,LOC_Os03g46090,-0.584113,0.0478225
LOC_Os03g46260,LOC_Os03g46260,0.683028,0.0464359
LOC_Os03g46600,LOC_Os03g46600,-0.698624,0.0246692
LOC_Os03g46610,LOC_Os03g46610,-0.740138,0.010105
LOC_Os03g46660,LOC_Os03g46660,0.810085,0.00355611
LOC_Os03g46860,LOC_Os03g46860,1.12205,0.00535638
LOC_Os03g47022,LOC_Os03g47022,-1.35331,0.0165457
LOC_Os03g48090,LOC_Os03g48090,-0.742053,0.0296755
LOC_Os03g48260,LOC_Os03g48260,-0.670351,0.0153591
LOC_Os03g48830,LOC_Os03g48830,-0.775528,0.0219986
LOC_Os03g49050,LOC_Os03g49050,-1.2684,0.00355611
LOC_Os03g49220,LOC_Os03g49220,-0.70857,0.0401884
LOC_Os03g49400,LOC_Os03g49400,0.740755,0.00355611
LOC_Os03g49620,LOC_Os03g49620,0.651851,0.0268193
LOC_Os03g49830,LOC_Os03g49830,1.09709,0.00355611
LOC_Os03g50120,LOC_Os03g50120,-0.792323,0.00619541
LOC_Os03g50860,LOC_Os03g50860,-0.692082,0.0204178
LOC_Os03g51030,LOC_Os03g51030,0.87282,0.00144447
LOC_Os03g51080,LOC_Os03g51080,-0.789376,0.0314313
LOC_Os03g51510,LOC_Os03g51510,-0.619197,0.0468042
LOC_Os03g51580,LOC_Os03g51580,0.909236,0.00144447
LOC_Os03g51650,LOC_Os03g51650,0.786284,0.0204178
LOC_Os03g51690,LOC_Os03g51690,8.32682,0.00144447
LOC_Os03g51900,LOC_Os03g51900,-0.922718,0.00144447
LOC_Os03g51910,LOC_Os03g51910,1.12208,0.00144447
LOC_Os03g51970,LOC_Os03g51970,0.885139,0.00144447
LOC_Os03g52320,LOC_Os03g52320,2.23522,0.00144447
LOC_Os03g52470,LOC_Os03g52470,-0.605878,0.0273338
LOC_Os03g52490,LOC_Os03g52490,-0.568776,0.0478225
LOC_Os03g52680,LOC_Os03g52680,-1.03281,0.0268193
LOC_Os03g53150,LOC_Os03g53150,1.64754,0.00144447
LOC_Os03g53530,LOC_Os03g53530,-0.753331,0.00535638
LOC_Os03g53670,LOC_Os03g53670,-0.688232,0.0108632
LOC_Os03g54050,LOC_Os03g54050,1.91537,0.00144447
LOC_Os03g55180,LOC_Os03g55180,2.04653,0.00144447
LOC_Os03g55240,LOC_Os03g55240,-1.0047,0.0371932
LOC_Os03g55280,LOC_Os03g55280,-1.05125,0.00144447
LOC_Os03g55590,LOC_Os03g55590,0.838184,0.010105
LOC_Os03g55890,LOC_Os03g55890,1.07232,0.00144447
LOC_Os03g55930,LOC_Os03g55930,-0.836553,0.00619541
LOC_Os03g56200,LOC_Os03g56200,3.15104,0.00144447
LOC_Os03g56241,LOC_Os03g56241,-0.604738,0.0381186
LOC_Os03g56830,LOC_Os03g56830,-0.811776,0.00619541
LOC_Os03g57240,LOC_Os03g57240,0.917913,0.00144447
LOC_Os03g57280,LOC_Os03g57280,-0.959042,0.00144447
LOC_Os03g57340,LOC_Os03g57340,-0.555149,0.0499535
LOC_Os03g57690,LOC_Os03g57690,1.00941,0.0209878
LOC_Os03g57790,LOC_Os03g57790,0.771876,0.0224819
LOC_Os03g57900,LOC_Os03g57900,1.3346,0.0345976
LOC_Os03g58230,LOC_Os03g58230,1.39636,0.00144447
LOC_Os03g58430,LOC_Os03g58430,-0.829847,0.00144447
LOC_Os03g58540,LOC_Os03g58540,-0.806116,0.0122338
LOC_Os03g58570,LOC_Os03g58570,1.71193,0.00355611
LOC_Os03g58600,LOC_Os03g58600,1.10542,0.010105
LOC_Os03g58720,LOC_Os03g58720,-0.910419,0.00144447
LOC_Os03g58810,LOC_Os03g58810,-0.747463,0.00619541
LOC_Os03g59020,LOC_Os03g59020,-0.690891,0.0108632
LOC_Os03g59480,LOC_Os03g59480,-0.588572,0.0392466
LOC_Os03g60100,LOC_Os03g60100,-0.984,0.00144447
LOC_Os03g60110,LOC_Os03g60110,-1.40707,0.00144447
LOC_Os03g60180,LOC_Os03g60180,-0.683055,0.0376365
LOC_Os03g60620,LOC_Os03g60620,-0.786289,0.00144447
LOC_Os03g61019,LOC_Os03g61019,-0.7001,0.0246692
LOC_Os03g61560,LOC_Os03g61560,-0.750796,0.00355611
LOC_Os03g61600,LOC_Os03g61600,-0.619967,0.0215346
LOC_Os03g61740,LOC_Os03g61740,1.41278,0.0115122
LOC_Os03g61960,LOC_Os03g61960,-0.68103,0.0171042
LOC_Os03g62160,LOC_Os03g62160,-1.06933,0.0413115
LOC_Os03g62270,LOC_Os03g62270,2.07168,0.00355611
LOC_Os03g62500,LOC_Os03g62500,1.366,0.00144447
LOC_Os03g62630,LOC_Os03g62630,-0.761243,0.0384703
LOC_Os03g62740,LOC_Os03g62740,1.19159,0.00781053
LOC_Os03g62950,LOC_Os03g62950,-1.14625,0.0135233
LOC_Os03g63370,LOC_Os03g63370,-0.746818,0.0435347
LOC_Os03g63400,LOC_Os03g63400,-0.755878,0.00144447
LOC_Os03g63410,LOC_Os03g63410,-0.631424,0.0209878
LOC_Os03g63480,LOC_Os03g63480,-0.811545,0.0025789
LOC_Os03g63550,LOC_Os03g63550,-0.694487,0.0409044
LOC_Os03g63720,LOC_Os03g63720,-0.846736,0.00144447
LOC_Os03g63760,LOC_Os03g63760,1.35773,0.0388817
LOC_Os03g63770,LOC_Os03g63770,0.80489,0.00144447
LOC_Os03g63810,LOC_Os03g63810,1.56594,0.00144447
LOC_Os03g64070,LOC_Os03g64070,1.58731,0.00144447
LOC_Os03g64170,LOC_Os03g64170,2.27808,0.00144447
LOC_Os04g01140,LOC_Os04g01140,1.34916,0.00619541
LOC_Os04g01290,LOC_Os04g01290,-0.573755,0.0354856
LOC_Os04g01480,LOC_Os04g01480,-0.758463,0.00447556
LOC_Os04g01490,LOC_Os04g01490,2.1876,0.00355611
LOC_Os04g02060,LOC_Os04g02060,-1.02713,0.0115122
LOC_Os04g03050,LOC_Os04g03050,3.38451,0.00144447
LOC_Os04g03980,LOC_Os04g03980,-1.47653,0.00144447
LOC_Os04g08350,LOC_Os04g08350,1.38926,0.00144447
LOC_Os04g08740,LOC_Os04g08740,0.641463,0.0301367
LOC_Os04g09654,LOC_Os04g09654,-3.31649,0.00144447
LOC_Os04g09720,LOC_Os04g09720,3.94118,0.00144447
LOC_Os04g10650,LOC_Os04g10650,-0.74264,0.0128631
LOC_Os04g11400,LOC_Os04g11400,-1.14904,0.0188543
LOC_Os04g12080,LOC_Os04g12080,1.33972,0.00144447
LOC_Os04g12480,LOC_Os04g12480,-0.781408,0.00447556
LOC_Os04g13160,LOC_Os04g13160,-2.52714,0.0135233
LOC_Os04g14150,LOC_Os04g14150,0.710428,0.0153591
LOC_Os04g14540,LOC_Os04g14540,2.81562,0.00144447
LOC_Os04g14810,LOC_Os04g14810,5.88939,0.030574
LOC_Os04g16450,LOC_Os04g16450,0.627244,0.0204178
LOC_Os04g16680,LOC_Os04g16680,-1.05768,0.00144447
LOC_Os04g17050,LOC_Os04g17050,-0.649938,0.0215346
LOC_Os04g23180,LOC_Os04g23180,-0.830028,0.0025789
LOC_Os04g26870,LOC_Os04g26870,3.6066,0.00144447
LOC_Os04g28060,LOC_Os04g28060,-0.954328,0.00144447
LOC_Os04g28470,LOC_Os04g28470,1.15721,0.0122338
LOC_Os04g28820,LOC_Os04g28820,-3.7215,0.00144447
LOC_Os04g30780,LOC_Os04g30780,-0.628045,0.0258554
LOC_Os04g30890,LOC_Os04g30890,-0.825441,0.00447556
LOC_Os04g31340,LOC_Os04g31340,0.865688,0.0025789
LOC_Os04g31804,LOC_Os04g31804,1.0329,0.00535638
LOC_Os04g32330,LOC_Os04g32330,-0.568749,0.0409044
LOC_Os04g32350,LOC_Os04g32350,-0.633351,0.0318893
LOC_Os04g32610,LOC_Os04g32610,5.99033,0.00701559
LOC_Os04g32980,LOC_Os04g32980,-0.713682,0.0395646
LOC_Os04g33190,LOC_Os04g33190,-0.901483,0.0142094
LOC_Os04g33370,LOC_Os04g33370,1.38253,0.00144447
LOC_Os04g33460,LOC_Os04g33460,-0.846354,0.00144447
LOC_Os04g33640,LOC_Os04g33640,-1.43799,0.0230771
LOC_Os04g33660,LOC_Os04g33660,2.69317,0.0025789
LOC_Os04g33760,LOC_Os04g33760,1.21586,0.0148111
LOC_Os04g33980,LOC_Os04g33980,1.16799,0.00355611
LOC_Os04g34240,LOC_Os04g34240,-0.745345,0.0287714
LOC_Os04g35090,LOC_Os04g35090,-0.658485,0.0171042
LOC_Os04g35240,LOC_Os04g35240,-0.669197,0.0384703
LOC_Os04g35500,LOC_Os04g35500,2.43145,0.00144447
LOC_Os04g35680,LOC_Os04g35680,2.60927,0.00936537
LOC_Os04g35900,LOC_Os04g35900,-0.591243,0.0334095
LOC_Os04g36054,LOC_Os04g36054,0.758049,0.00619541
LOC_Os04g36670,LOC_Os04g36670,-0.989727,0.0447755
LOC_Os04g36800,LOC_Os04g36800,-0.982043,0.0025789
LOC_Os04g36890,LOC_Os04g36890,-1.24803,0.00144447
LOC_Os04g38520,LOC_Os04g38520,0.835864,0.00144447
LOC_Os04g38600,LOC_Os04g38600,-1.10974,0.00144447
LOC_Os04g38620,LOC_Os04g38620,-0.970679,0.00144447
LOC_Os04g38680,LOC_Os04g38680,-1.12751,0.00144447
LOC_Os04g38810,LOC_Os04g38810,-1.43632,0.00144447
LOC_Os04g38950,LOC_Os04g38950,-0.616813,0.0468042
LOC_Os04g39430,LOC_Os04g39430,1.22045,0.00144447
LOC_Os04g39444,LOC_Os04g39444,-0.79653,0.0345976
LOC_Os04g39700,LOC_Os04g39700,-0.673756,0.0182433
LOC_Os04g39880,LOC_Os04g39880,-0.878611,0.0388817
LOC_Os04g40040,LOC_Os04g40040,0.962418,0.00144447
LOC_Os04g40090,LOC_Os04g40090,0.800716,0.00144447
LOC_Os04g40190,LOC_Os04g40190,1.62357,0.00144447
LOC_Os04g40540,LOC_Os04g40540,0.786771,0.0491305
LOC_Os04g40740,LOC_Os04g40740,-0.6007,0.0364192
LOC_Os04g41040,LOC_Os04g41040,-0.799475,0.0209878
LOC_Os04g41300,LOC_Os04g41300,-0.720728,0.0278949
LOC_Os04g41870,LOC_Os04g41870,1.70506,0.0153591
LOC_Os04g42010,LOC_Os04g42010,-0.886765,0.00144447
LOC_Os04g42090,LOC_Os04g42090,-0.623229,0.0438757
LOC_Os04g42270,LOC_Os04g42270,-0.790843,0.00144447
LOC_Os04g42420,LOC_Os04g42420,0.653428,0.0241404
LOC_Os04g42470,LOC_Os04g42470,0.905324,0.00355611
LOC_Os04g42520,LOC_Os04g42520,0.785981,0.00447556
LOC_Os04g42770,LOC_Os04g42770,-0.773886,0.00447556
LOC_Os04g43140,LOC_Os04g43140,-0.682096,0.01995
LOC_Os04g43210,LOC_Os04g43210,1.08428,0.0468042
LOC_Os04g43290,LOC_Os04g43290,2.50029,0.00144447
LOC_Os04g43300,LOC_Os04g43300,-0.755452,0.00781053
LOC_Os04g43440,LOC_Os04g43440,-1.49734,0.0416717
LOC_Os04g43580,LOC_Os04g43580,2.02637,0.00144447
LOC_Os04g43670,LOC_Os04g43670,0.641409,0.0283631
LOC_Os04g44440,LOC_Os04g44440,1.16228,0.030574
LOC_Os04g44820,LOC_Os04g44820,0.802899,0.0176481
LOC_Os04g45330,LOC_Os04g45330,0.991044,0.00144447
LOC_Os04g45490,LOC_Os04g45490,-0.609304,0.0432353
LOC_Os04g46010,LOC_Os04g46010,-0.726101,0.0359847
LOC_Os04g46110,LOC_Os04g46110,1.5593,0.00144447
LOC_Os04g46580,LOC_Os04g46580,2.01619,0.0025789
LOC_Os04g46620,LOC_Os04g46620,-0.578951,0.0318893
LOC_Os04g46740,LOC_Os04g46740,-0.593385,0.0495307
LOC_Os04g46830,LOC_Os04g46830,1.09342,0.00144447
LOC_Os04g46880,LOC_Os04g46880,-1.48113,0.00144447
LOC_Os04g46920,LOC_Os04g46920,-0.921183,0.00447556
LOC_Os04g47170,LOC_Os04g47170,1.45437,0.00535638
LOC_Os04g47180,LOC_Os04g47180,1.51394,0.00447556
LOC_Os04g47190,LOC_Os04g47190,0.824846,0.0153591
LOC_Os04g47360,LOC_Os04g47360,-0.977188,0.00144447
LOC_Os04g47380,LOC_Os04g47380,-0.859945,0.00144447
LOC_Os04g47870,LOC_Os04g47870,0.830013,0.00144447
LOC_Os04g47890,LOC_Os04g47890,-1.26947,0.0273338
LOC_Os04g48070,LOC_Os04g48070,2.43453,0.0171042
LOC_Os04g48460,LOC_Os04g48460,1.54905,0.00144447
LOC_Os04g48760,LOC_Os04g48760,-0.597564,0.0314313
LOC_Os04g48840,LOC_Os04g48840,-0.760421,0.0323996
LOC_Os04g49430,LOC_Os04g49430,0.734677,0.0273338
LOC_Os04g49560,LOC_Os04g49560,0.594351,0.0409044
LOC_Os04g49570,LOC_Os04g49570,1.47192,0.00144447
LOC_Os04g50990,LOC_Os04g50990,-0.893312,0.00144447
LOC_Os04g51000,LOC_Os04g51000,1.57953,0.0148111
LOC_Os04g51190,LOC_Os04g51190,-0.896059,0.00144447
LOC_Os04g51410,LOC_Os04g51410,1.5315,0.0487524
LOC_Os04g51460,LOC_Os04g51460,0.867202,0.0399862
LOC_Os04g51630,LOC_Os04g51630,-0.83746,0.00144447
LOC_Os04g52200,LOC_Os04g52200,-0.659581,0.0176481
LOC_Os04g52361,LOC_Os04g52361,-0.692156,0.0128631
LOC_Os04g52450,LOC_Os04g52450,0.655875,0.0287714
LOC_Os04g52606,LOC_Os04g52606,0.606,0.0283631
LOC_Os04g52670,LOC_Os04g52670,3.38911,0.00701559
LOC_Os04g52880,LOC_Os04g52880,1.56342,0.00144447
LOC_Os04g52890,LOC_Os04g52890,0.652732,0.0428878
LOC_Os04g52960,LOC_Os04g52960,-0.750604,0.00447556
LOC_Os04g53770,LOC_Os04g53770,-0.73928,0.00447556
LOC_Os04g53800,LOC_Os04g53800,3.14805,0.00144447
LOC_Os04g53950,LOC_Os04g53950,0.786322,0.0025789
LOC_Os04g54200,LOC_Os04g54200,-1.25913,0.00144447
LOC_Os04g54300,LOC_Os04g54300,1.81196,0.00144447
LOC_Os04g54330,LOC_Os04g54330,-0.744851,0.0204178
LOC_Os04g54490,LOC_Os04g54490,-1.28053,0.0451997
LOC_Os04g54759,LOC_Os04g54759,-1.23839,0.00936537
LOC_Os04g54930,LOC_Os04g54930,0.973994,0.00144447
LOC_Os04g54940,LOC_Os04g54940,1.18638,0.00144447
LOC_Os04g55200,LOC_Os04g55200,-1.69354,0.0318893
LOC_Os04g55230,LOC_Os04g55230,-0.670325,0.0122338
LOC_Os04g55670,LOC_Os04g55670,0.671181,0.0318893
LOC_Os04g55700,LOC_Os04g55700,-1.13826,0.0115122
LOC_Os04g55710,LOC_Os04g55710,-5.30936,0.00144447
LOC_Os04g55720,LOC_Os04g55720,-0.703803,0.00936537
LOC_Os04g55850,LOC_Os04g55850,-0.915145,0.0376365
LOC_Os04g56400,LOC_Os04g56400,-0.859198,0.00144447
LOC_Os04g56590,LOC_Os04g56590,-0.900122,0.00144447
LOC_Os04g56670,LOC_Os04g56670,-0.707394,0.0165457
LOC_Os04g56680,LOC_Os04g56680,1.25088,0.0278949
LOC_Os04g56700,LOC_Os04g56700,2.63789,0.0384703
LOC_Os04g57060,LOC_Os04g57060,8.34626,0.00447556
LOC_Os04g57610,LOC_Os04g57610,0.668578,0.0115122
LOC_Os04g57630,LOC_Os04g57630,0.758439,0.0160083
LOC_Os04g57730,LOC_Os04g57730,-0.788891,0.0314313
LOC_Os04g57950,LOC_Os04g57950,-0.759709,0.0128631
LOC_Os04g58080,LOC_Os04g58080,1.34594,0.0215346
LOC_Os04g58280,LOC_Os04g58280,0.631996,0.0314313
LOC_Os04g58710,LOC_Os04g58710,1.75218,0.00535638
LOC_Os04g58830,LOC_Os04g58830,-0.750791,0.00619541
LOC_Os04g58860,LOC_Os04g58860,1.93442,0.0128631
LOC_Os04g59150,LOC_Os04g59150,-0.672134,0.0399862
LOC_Os04g59340,LOC_Os04g59340,1.11075,0.00144447
LOC_Os04g59380,LOC_Os04g59380,-0.744789,0.0219986
LOC_Os04g59440,LOC_Os04g59440,-1.73198,0.00144447
LOC_Os05g01110,LOC_Os05g01110,-0.689296,0.0263157
LOC_Os05g01140,LOC_Os05g01140,1.11045,0.00144447
LOC_Os05g01230,LOC_Os05g01230,-0.709709,0.00535638
LOC_Os05g01256,LOC_Os05g01256,1.53679,0.00144447
LOC_Os05g01270,LOC_Os05g01270,-0.590979,0.0301367
LOC_Os05g01450,LOC_Os05g01450,-0.774001,0.00447556
LOC_Os05g01810,LOC_Os05g01810,0.61822,0.0301367
LOC_Os05g01970,LOC_Os05g01970,-0.59169,0.040559
LOC_Os05g02070,LOC_Os05g02070,2.78637,0.00144447
LOC_Os05g02130,LOC_Os05g02130,0.622287,0.0188543
LOC_Os05g02400,LOC_Os05g02400,-0.699239,0.0384703
LOC_Os05g02410,LOC_Os05g02410,-0.770243,0.0188543
LOC_Os05g02450,LOC_Os05g02450,1.27161,0.0263157
LOC_Os05g02710,LOC_Os05g02710,2.90818,0.00619541
LOC_Os05g02720,LOC_Os05g02720,1.79225,0.0188543
LOC_Os05g02810,LOC_Os05g02810,-0.870557,0.0219986
LOC_Os05g02980,LOC_Os05g02980,1.03414,0.00936537
LOC_Os05g03040,LOC_Os05g03040,0.915356,0.0025789
LOC_Os05g03440,LOC_Os05g03440,1.74505,0.00144447
LOC_Os05g03540,LOC_Os05g03540,-0.718022,0.0241404
LOC_Os05g03610,LOC_Os05g03610,0.804696,0.00355611
LOC_Os05g04530,LOC_Os05g04530,-0.687721,0.0142094
LOC_Os05g04740,LOC_Os05g04740,0.961812,0.00619541
LOC_Os05g04820,LOC_Os05g04820,1.58154,0.00144447
LOC_Os05g05210,LOC_Os05g05210,0.745486,0.0224819
LOC_Os05g05220,LOC_Os05g05220,-0.673098,0.0128631
LOC_Os05g05470,LOC_Os05g05470,-0.68729,0.00781053
LOC_Os05g05480,LOC_Os05g05480,-0.70587,0.0148111
LOC_Os05g05560,LOC_Os05g05560,-0.903391,0.0209878
LOC_Os05g05820,LOC_Os05g05820,0.877313,0.0310612
LOC_Os05g05840,LOC_Os05g05840,-0.577987,0.0345976
LOC_Os05g06310,LOC_Os05g06310,-0.559924,0.0428878
LOC_Os05g06660,LOC_Os05g06660,-1.31019,0.00144447
LOC_Os05g06770,LOC_Os05g06770,-0.587466,0.0345976
LOC_Os05g06780,LOC_Os05g06780,1.54183,0.00144447
LOC_Os05g07600,LOC_Os05g07600,1.38515,0.00447556
LOC_Os05g07890,LOC_Os05g07890,-1.1868,0.0025789
LOC_Os05g08360,LOC_Os05g08360,-1.1233,0.00144447
LOC_Os05g08800,LOC_Os05g08800,1.11024,0.00355611
LOC_Os05g09400,LOC_Os05g09400,-0.783624,0.0428878
LOC_Os05g09740,LOC_Os05g09740,1.69921,0.00144447
LOC_Os05g10210,LOC_Os05g10210,1.87923,0.00144447
LOC_Os05g10690,LOC_Os05g10690,2.81552,0.00144447
LOC_Os05g10730,LOC_Os05g10730,1.9772,0.010105
LOC_Os05g10740,LOC_Os05g10740,3.85088,0.00144447
LOC_Os05g11210,LOC_Os05g11210,4.884,0.00144447
LOC_Os05g11370,LOC_Os05g11370,7.93123,0.0135233
LOC_Os05g11550,LOC_Os05g11550,-0.624034,0.0194283
LOC_Os05g11710,LOC_Os05g11710,-0.866666,0.00144447
LOC_Os05g11900,LOC_Os05g11900,2.8292,0.0350036
LOC_Os05g11910,LOC_Os05g11910,1.33785,0.00144447
LOC_Os05g13630,LOC_Os05g13630,2.44746,0.0456681
LOC_Os05g13900,LOC_Os05g13900,0.916242,0.00144447
LOC_Os05g14300,LOC_Os05g14300,0.835615,0.0384703
LOC_Os05g14940,LOC_Os05g14940,-0.63679,0.0350036
LOC_Os05g15510,LOC_Os05g15510,1.19669,0.00144447
LOC_Os05g16660,LOC_Os05g16660,-0.751905,0.00447556
LOC_Os05g16824,LOC_Os05g16824,0.726068,0.0219986
LOC_Os05g18750,LOC_Os05g18750,-0.972379,0.010105
LOC_Os05g20954,LOC_Os05g20954,2.22492,0.00144447
LOC_Os05g22990,LOC_Os05g22990,-0.62026,0.0287714
LOC_Os05g23320,LOC_Os05g23320,0.69634,0.0128631
LOC_Os05g23740,LOC_Os05g23740,-1.11785,0.00144447
LOC_Os05g25770,LOC_Os05g25770,0.717574,0.0287714
LOC_Os05g26820,LOC_Os05g26820,0.574027,0.0388817
LOC_Os05g27090,LOC_Os05g27090,-1.33345,0.0194283
LOC_Os05g27100,LOC_Os05g27100,-0.748741,0.0310612
LOC_Os05g27350,LOC_Os05g27350,-1.52339,0.00144447
LOC_Os05g28280,LOC_Os05g28280,-0.933544,0.00144447
LOC_Os05g28510,LOC_Os05g28510,-0.828467,0.00144447
LOC_Os05g28740,LOC_Os05g28740,1.17667,0.0368084
LOC_Os05g29810,LOC_Os05g29810,2.04902,0.00144447
LOC_Os05g30240,LOC_Os05g30240,-0.754378,0.00701559
LOC_Os05g30250,LOC_Os05g30250,-1.68549,0.0392466
LOC_Os05g30340,LOC_Os05g30340,-0.833719,0.00447556
LOC_Os05g30530,LOC_Os05g30530,-0.790106,0.00355611
LOC_Os05g30700,LOC_Os05g30700,1.44355,0.00355611
LOC_Os05g30880,LOC_Os05g30880,-0.843144,0.00144447
LOC_Os05g31000,LOC_Os05g31000,-0.898256,0.00144447
LOC_Os05g31280,LOC_Os05g31280,1.59013,0.00144447
LOC_Os05g31750,LOC_Os05g31750,-1.90622,0.00144447
LOC_Os05g32140,LOC_Os05g32140,-0.836448,0.00144447
LOC_Os05g32330,LOC_Os05g32330,-0.777287,0.0236047
LOC_Os05g33210,LOC_Os05g33210,-0.757166,0.00535638
LOC_Os05g33430,LOC_Os05g33430,-3.2523,0.0219986
LOC_Os05g33570,LOC_Os05g33570,-1.27233,0.00144447
LOC_Os05g34150,LOC_Os05g34150,1.31189,0.00144447
LOC_Os05g34260,LOC_Os05g34260,0.694014,0.0025789
LOC_Os05g35110,LOC_Os05g35110,0.782724,0.00781053
LOC_Os05g35200,LOC_Os05g35200,1.68463,0.00144447
LOC_Os05g35580,LOC_Os05g35580,-0.823189,0.0416717
LOC_Os05g36210,LOC_Os05g36210,5.37566,0.00144447
LOC_Os05g36230,LOC_Os05g36230,4.61514,0.030574
LOC_Os05g36240,LOC_Os05g36240,3.91699,0.00144447
LOC_Os05g36280,LOC_Os05g36280,-0.792507,0.00144447
LOC_Os05g37160,LOC_Os05g37160,-0.608829,0.0399862
LOC_Os05g37170,LOC_Os05g37170,1.0842,0.00144447
LOC_Os05g37330,LOC_Os05g37330,-0.797214,0.00144447
LOC_Os05g37450,LOC_Os05g37450,-0.951827,0.00144447
LOC_Os05g37470,LOC_Os05g37470,1.72104,0.0432353
LOC_Os05g38000,LOC_Os05g38000,1.33194,0.00144447
LOC_Os05g38150,LOC_Os05g38150,-0.696911,0.00701559
LOC_Os05g38270,LOC_Os05g38270,-0.82953,0.00355611
LOC_Os05g38660,LOC_Os05g38660,1.09496,0.00355611
LOC_Os05g38980,LOC_Os05g38980,0.794633,0.0204178
LOC_Os05g39230,LOC_Os05g39230,-0.704141,0.0215346
LOC_Os05g39870,LOC_Os05g39870,1.22337,0.00144447
LOC_Os05g39880,LOC_Os05g39880,1.81595,0.0025789
LOC_Os05g39960,LOC_Os05g39960,-0.929839,0.00355611
LOC_Os05g40010,LOC_Os05g40010,2.51587,0.00355611
LOC_Os05g40200,LOC_Os05g40200,-0.617302,0.0371932
LOC_Os05g40420,LOC_Os05g40420,-0.575678,0.0381186
LOC_Os05g41030,LOC_Os05g41030,1.38662,0.00144447
LOC_Os05g41100,LOC_Os05g41100,-0.688328,0.00860411
LOC_Os05g41110,LOC_Os05g41110,-0.706178,0.00701559
LOC_Os05g41130,LOC_Os05g41130,0.993351,0.00355611
LOC_Os05g41220,LOC_Os05g41220,1.00466,0.00144447
LOC_Os05g41620,LOC_Os05g41620,0.754047,0.0401884
LOC_Os05g41640,LOC_Os05g41640,-0.660885,0.0215346
LOC_Os05g41760,LOC_Os05g41760,1.00256,0.0209878
LOC_Os05g42250,LOC_Os05g42250,1.04459,0.0160083
LOC_Os05g42300,LOC_Os05g42300,-0.854431,0.00144447
LOC_Os05g43040,LOC_Os05g43040,-0.870664,0.0470521
LOC_Os05g43252,LOC_Os05g43252,-0.651065,0.0188543
LOC_Os05g43582,LOC_Os05g43582,-0.827094,0.0323996
LOC_Os05g43830,LOC_Os05g43830,-0.902177,0.0236047
LOC_Os05g43920,LOC_Os05g43920,-0.756642,0.0204178
LOC_Os05g44200,LOC_Os05g44200,3.438,0.00144447
LOC_Os05g44300,LOC_Os05g44300,1.92453,0.030574
LOC_Os05g44320,LOC_Os05g44320,-0.623131,0.0334095
LOC_Os05g44810,LOC_Os05g44810,1.94487,0.00144447
LOC_Os05g45220,LOC_Os05g45220,-0.771461,0.0241404
LOC_Os05g45270,LOC_Os05g45270,-0.8654,0.00144447
LOC_Os05g45420,LOC_Os05g45420,0.612509,0.0292265
LOC_Os05g45660,LOC_Os05g45660,-0.653854,0.0148111
LOC_Os05g45950,LOC_Os05g45950,-0.780236,0.0025789
LOC_Os05g46290,LOC_Os05g46290,-1.05159,0.00144447
LOC_Os05g46510,LOC_Os05g46510,1.31218,0.00355611
LOC_Os05g46950,LOC_Os05g46950,-0.873978,0.00144447
LOC_Os05g47540,LOC_Os05g47540,-1.38616,0.00144447
LOC_Os05g47700,LOC_Os05g47700,1.50922,0.00144447
LOC_Os05g47730,LOC_Os05g47730,-1.46366,0.00447556
LOC_Os05g47890,LOC_Os05g47890,-0.567045,0.0438757
LOC_Os05g48040,LOC_Os05g48040,1.91519,0.00144447
LOC_Os05g48060,LOC_Os05g48060,1.06311,0.0287714
LOC_Os05g48220,LOC_Os05g48220,-2.084,0.00144447
LOC_Os05g48290,LOC_Os05g48290,-0.919209,0.00144447
LOC_Os05g48310,LOC_Os05g48310,-0.809809,0.0025789
LOC_Os05g48320,LOC_Os05g48320,-0.620977,0.0318893
LOC_Os05g48390,LOC_Os05g48390,0.627131,0.0323996
LOC_Os05g48422,LOC_Os05g48422,-0.693868,0.0108632
LOC_Os05g48450,LOC_Os05g48450,-1.44174,0.00144447
LOC_Os05g48510,LOC_Os05g48510,-0.603599,0.0345976
LOC_Os05g48810,LOC_Os05g48810,-0.66043,0.0401884
LOC_Os05g49030,LOC_Os05g49030,-0.87352,0.00144447
LOC_Os05g49060,LOC_Os05g49060,-1.11819,0.00144447
LOC_Os05g49230,LOC_Os05g49230,-0.690633,0.0115122
LOC_Os05g49280,LOC_Os05g49280,1.75601,0.0236047
LOC_Os05g49760,LOC_Os05g49760,-0.810699,0.0482521
LOC_Os05g49800,LOC_Os05g49800,-0.817038,0.00144447
LOC_Os05g50190,LOC_Os05g50190,0.584025,0.0491305
LOC_Os05g50270,LOC_Os05g50270,3.79473,0.0115122
LOC_Os05g50310,LOC_Os05g50310,1.65308,0.00144447
LOC_Os05g50380,LOC_Os05g50380,-1.59094,0.00144447
LOC_Os05g50600,LOC_Os05g50600,0.760321,0.0246692
LOC_Os05g50640,LOC_Os05g50640,-1.15328,0.010105
LOC_Os05g50750,LOC_Os05g50750,-1.01476,0.00144447
LOC_Os05g50980,LOC_Os05g50980,-0.736262,0.0287714
LOC_Os05g51070,LOC_Os05g51070,1.32399,0.00144447
LOC_Os05g51180,LOC_Os05g51180,-0.566723,0.0451997
LOC_Os05g51500,LOC_Os05g51500,-0.555237,0.0442813
LOC_Os05g51830,LOC_Os05g51830,-1.069,0.00144447
LOC_Os06g01966,LOC_Os06g01966,1.71237,0.00144447
LOC_Os06g02210,LOC_Os06g02210,-1.09268,0.00144447
LOC_Os06g02380,LOC_Os06g02380,-0.836652,0.00144447
LOC_Os06g02510,LOC_Os06g02510,-0.646009,0.0165457
LOC_Os06g02530,LOC_Os06g02530,-1.31951,0.00144447
LOC_Os06g03780,LOC_Os06g03780,-0.879382,0.0025789
LOC_Os06g03920,LOC_Os06g03920,-0.77738,0.0342066
LOC_Os06g04020,LOC_Os06g04020,1.28833,0.00144447
LOC_Os06g04090,LOC_Os06g04090,1.5013,0.0025789
LOC_Os06g04290,LOC_Os06g04290,-0.75233,0.00781053
LOC_Os06g04370,LOC_Os06g04370,0.64828,0.0296755
LOC_Os06g04600,LOC_Os06g04600,-0.688077,0.0283631
LOC_Os06g04870,LOC_Os06g04870,0.699132,0.0204178
LOC_Os06g05520,LOC_Os06g05520,0.988304,0.00144447
LOC_Os06g05650,LOC_Os06g05650,-0.718768,0.0435347
LOC_Os06g05930,LOC_Os06g05930,1.66375,0.00144447
LOC_Os06g06160,LOC_Os06g06160,1.0343,0.00144447
LOC_Os06g06250,LOC_Os06g06250,4.41043,0.00144447
LOC_Os06g06410,LOC_Os06g06410,-0.702641,0.0204178
LOC_Os06g06460,LOC_Os06g06460,-0.99212,0.00144447
LOC_Os06g06490,LOC_Os06g06490,-0.765317,0.00701559
LOC_Os06g06510,LOC_Os06g06510,-0.876331,0.00144447
LOC_Os06g07130,LOC_Os06g07130,0.91732,0.0025789
LOC_Os06g07160,LOC_Os06g07160,-0.802689,0.00936537
LOC_Os06g07210,LOC_Os06g07210,-0.644855,0.01995
LOC_Os06g07230,LOC_Os06g07230,1.12124,0.00144447
LOC_Os06g07580,LOC_Os06g07580,-0.718233,0.0142094
LOC_Os06g08090,LOC_Os06g08090,0.592911,0.0491305
LOC_Os06g08320,LOC_Os06g08320,-0.612502,0.0401884
LOC_Os06g09340,LOC_Os06g09340,0.959704,0.0296755
LOC_Os06g09350,LOC_Os06g09350,2.89749,0.00144447
LOC_Os06g09390,LOC_Os06g09390,0.8628,0.00144447
LOC_Os06g09679,LOC_Os06g09679,-0.783645,0.0165457
LOC_Os06g10130,LOC_Os06g10130,1.06641,0.010105
LOC_Os06g10230,LOC_Os06g10230,0.606962,0.0263157
LOC_Os06g10310,LOC_Os06g10310,2.75288,0.00144447
LOC_Os06g10650,LOC_Os06g10650,1.17804,0.0108632
LOC_Os06g11400,LOC_Os06g11400,-1.1382,0.0435347
LOC_Os06g11410,LOC_Os06g11410,-1.10896,0.00144447
LOC_Os06g11610,LOC_Os06g11610,-0.88808,0.00144447
LOC_Os06g12160,LOC_Os06g12160,-0.619025,0.0292265
LOC_Os06g12230,LOC_Os06g12230,-0.736369,0.00619541
LOC_Os06g12530,LOC_Os06g12530,-0.619487,0.0368084
LOC_Os06g12610,LOC_Os06g12610,-1.02807,0.0128631
LOC_Os06g12740,LOC_Os06g12740,-1.40117,0.00144447
LOC_Os06g13660,LOC_Os06g13660,-0.653421,0.0428878
LOC_Os06g13670,LOC_Os06g13670,-0.74045,0.0338106
LOC_Os06g13680,LOC_Os06g13680,0.608417,0.0334095
LOC_Os06g14324,LOC_Os06g14324,1.38684,0.00144447
LOC_Os06g14420,LOC_Os06g14420,1.43027,0.00144447
LOC_Os06g14540,LOC_Os06g14540,0.99561,0.00144447
LOC_Os06g14810,LOC_Os06g14810,1.21984,0.0025789
LOC_Os06g15370,LOC_Os06g15370,1.24881,0.00144447
LOC_Os06g15420,LOC_Os06g15420,-0.636436,0.0171042
LOC_Os06g16290,LOC_Os06g16290,-1.04492,0.00144447
LOC_Os06g16430,LOC_Os06g16430,-0.743444,0.00701559
LOC_Os06g19480,LOC_Os06g19480,-0.676213,0.0425371
LOC_Os06g19990,LOC_Os06g19990,2.30842,0.00144447
LOC_Os06g21480,LOC_Os06g21480,-1.28059,0.00144447
LOC_Os06g21550,LOC_Os06g21550,-1.04956,0.0464359
LOC_Os06g22050,LOC_Os06g22050,2.1697,0.00144447
LOC_Os06g22070,LOC_Os06g22070,-1.07896,0.00144447
LOC_Os06g22660,LOC_Os06g22660,-0.861449,0.0399862
LOC_Os06g22870,LOC_Os06g22870,0.930682,0.00144447
LOC_Os06g23190,LOC_Os06g23190,0.721866,0.0401884
LOC_Os06g23540,LOC_Os06g23540,-1.64854,0.0342066
LOC_Os06g27590,LOC_Os06g27590,1.35724,0.00619541
LOC_Os06g27910,LOC_Os06g27910,-1.87668,0.00144447
LOC_Os06g28970,LOC_Os06g28970,-0.782326,0.0241404
LOC_Os06g29220,LOC_Os06g29220,2.70391,0.00144447
LOC_Os06g30320,LOC_Os06g30320,-0.753517,0.00701559
LOC_Os06g30750,LOC_Os06g30750,0.650305,0.01995
LOC_Os06g30950,LOC_Os06g30950,1.10727,0.00144447
LOC_Os06g31210,LOC_Os06g31210,-0.76374,0.00355611
LOC_Os06g33520,LOC_Os06g33520,-0.665714,0.0165457
LOC_Os06g33880,LOC_Os06g33880,1.16118,0.00535638
LOC_Os06g34070,LOC_Os06g34070,0.849176,0.0388817
LOC_Os06g34120,LOC_Os06g34120,0.911218,0.00535638
LOC_Os06g35540,LOC_Os06g35540,1.69163,0.0108632
LOC_Os06g35730,LOC_Os06g35730,-0.897403,0.00144447
LOC_Os06g35960,LOC_Os06g35960,2.12704,0.00144447
LOC_Os06g36160,LOC_Os06g36160,-0.820101,0.00144447
LOC_Os06g36450,LOC_Os06g36450,2.8435,0.0025789
LOC_Os06g36650,LOC_Os06g36650,2.86755,0.00144447
LOC_Os06g36700,LOC_Os06g36700,-0.681056,0.010105
LOC_Os06g37010,LOC_Os06g37010,1.02586,0.00447556
LOC_Os06g37450,LOC_Os06g37450,-0.934766,0.0359847
LOC_Os06g37560,LOC_Os06g37560,1.35034,0.00144447
LOC_Os06g38480,LOC_Os06g38480,-1.09986,0.0236047
LOC_Os06g38650,LOC_Os06g38650,1.43691,0.0148111
LOC_Os06g39700,LOC_Os06g39700,-2.6176,0.00144447
LOC_Os06g39880,LOC_Os06g39880,5.0747,0.0283631
LOC_Os06g39912,LOC_Os06g39912,1.51389,0.0252889
LOC_Os06g40020,LOC_Os06g40020,3.19809,0.0470521
LOC_Os06g40040,LOC_Os06g40040,-0.583289,0.0478225
LOC_Os06g40150,LOC_Os06g40150,2.87045,0.00144447
LOC_Os06g40240,LOC_Os06g40240,0.722361,0.0108632
LOC_Os06g40640,LOC_Os06g40640,-2.04153,0.00144447
LOC_Os06g40950,LOC_Os06g40950,-0.61515,0.0314313
LOC_Os06g41010,LOC_Os06g41010,0.926284,0.00144447
LOC_Os06g41120,LOC_Os06g41120,0.993532,0.00144447
LOC_Os06g42630,LOC_Os06g42630,4.25855,0.00144447
LOC_Os06g42660,LOC_Os06g42660,3.07088,0.0442813
LOC_Os06g42800,LOC_Os06g42800,1.18628,0.00144447
LOC_Os06g43140,LOC_Os06g43140,-1.48342,0.00447556
LOC_Os06g43150,LOC_Os06g43150,7.43812,0.00144447
LOC_Os06g43160,LOC_Os06g43160,-1.65358,0.00781053
LOC_Os06g43220,LOC_Os06g43220,-1.22247,0.00355611
LOC_Os06g43600,LOC_Os06g43600,0.583451,0.0376365
LOC_Os06g43690,LOC_Os06g43690,-0.750635,0.0108632
LOC_Os06g43760,LOC_Os06g43760,-0.671425,0.0122338
LOC_Os06g43900,LOC_Os06g43900,-0.774247,0.00860411
LOC_Os06g44034,LOC_Os06g44034,0.874646,0.00144447
LOC_Os06g44140,LOC_Os06g44140,0.872447,0.0219986
LOC_Os06g44420,LOC_Os06g44420,1.47109,0.0148111
LOC_Os06g44620,LOC_Os06g44620,0.722095,0.0392466
LOC_Os06g45540,LOC_Os06g45540,1.04554,0.00619541
LOC_Os06g45950,LOC_Os06g45950,1.78571,0.00144447
LOC_Os06g46030,LOC_Os06g46030,2.2631,0.00144447
LOC_Os06g46250,LOC_Os06g46250,-1.0128,0.00144447
LOC_Os06g46910,LOC_Os06g46910,-0.940199,0.0464359
LOC_Os06g46970,LOC_Os06g46970,1.06184,0.0428878
LOC_Os06g47840,LOC_Os06g47840,-0.747009,0.0115122
LOC_Os06g48534,LOC_Os06g48534,0.830224,0.00535638
LOC_Os06g48950,LOC_Os06g48950,1.0326,0.00619541
LOC_Os06g49000,LOC_Os06g49000,2.52572,0.040559
LOC_Os06g49350,LOC_Os06g49350,4.91959,0.00144447
LOC_Os06g49390,LOC_Os06g49390,-2.08808,0.00144447
LOC_Os06g49500,LOC_Os06g49500,1.1372,0.00144447
LOC_Os07g01020,LOC_Os07g01020,-0.722211,0.0176481
LOC_Os07g01230,LOC_Os07g01230,1.06702,0.0025789
LOC_Os07g01660,LOC_Os07g01660,0.832819,0.0318893
LOC_Os07g01870,LOC_Os07g01870,-0.968989,0.00144447
LOC_Os07g01904,LOC_Os07g01904,1.46855,0.00144447
LOC_Os07g01920,LOC_Os07g01920,-0.636678,0.0204178
LOC_Os07g02100,LOC_Os07g02100,1.58742,0.00144447
LOC_Os07g02800,LOC_Os07g02800,0.810766,0.0122338
LOC_Os07g02970,LOC_Os07g02970,1.60993,0.0258554
LOC_Os07g03040,LOC_Os07g03040,3.893,0.00144447
LOC_Os07g03120,LOC_Os07g03120,0.93688,0.0236047
LOC_Os07g03230,LOC_Os07g03230,-0.675554,0.0108632
LOC_Os07g03260,LOC_Os07g03260,1.19712,0.00144447
LOC_Os07g05010,LOC_Os07g05010,1.52841,0.0115122
LOC_Os07g05024,LOC_Os07g05024,1.43254,0.00144447
LOC_Os07g05360,LOC_Os07g05360,-1.11399,0.00144447
LOC_Os07g05400,LOC_Os07g05400,-0.635951,0.0338106
LOC_Os07g05840,LOC_Os07g05840,3.70848,0.00144447
LOC_Os07g05850,LOC_Os07g05850,3.72796,0.00144447
LOC_Os07g06450,LOC_Os07g06450,-0.76952,0.0392466
LOC_Os07g06834,LOC_Os07g06834,8.76902,0.0258554
LOC_Os07g07310,LOC_Os07g07310,-0.684279,0.0122338
LOC_Os07g07340,LOC_Os07g07340,1.26382,0.0108632
LOC_Os07g07490,LOC_Os07g07490,-1.01576,0.00144447
LOC_Os07g07540,LOC_Os07g07540,-0.878508,0.00535638
LOC_Os07g07709,LOC_Os07g07709,-0.850232,0.0025789
LOC_Os07g07900,LOC_Os07g07900,2.56086,0.00144447
LOC_Os07g08150,LOC_Os07g08150,-2.72257,0.00144447
LOC_Os07g08160,LOC_Os07g08160,-3.10903,0.0314313
LOC_Os07g08170,LOC_Os07g08170,-0.838402,0.0025789
LOC_Os07g08330,LOC_Os07g08330,-0.745769,0.0025789
LOC_Os07g08390,LOC_Os07g08390,1.69821,0.00447556
LOC_Os07g08660,LOC_Os07g08660,-0.572618,0.0425371
LOC_Os07g08750,LOC_Os07g08750,1.77543,0.0025789
LOC_Os07g09450,LOC_Os07g09450,-0.793456,0.0204178
LOC_Os07g09760,LOC_Os07g09760,2.9661,0.00144447
LOC_Os07g10300,LOC_Os07g10300,-0.612479,0.0392466
LOC_Os07g10350,LOC_Os07g10350,-0.710983,0.0025789
LOC_Os07g10660,LOC_Os07g10660,-1.00866,0.00355611
LOC_Os07g10720,LOC_Os07g10720,-0.787523,0.00144447
LOC_Os07g12230,LOC_Os07g12230,1.19352,0.0364192
LOC_Os07g12250,LOC_Os07g12250,-1.05776,0.00144447
LOC_Os07g12320,LOC_Os07g12320,-0.875982,0.00144447
LOC_Os07g12650,LOC_Os07g12650,-0.845632,0.00144447
LOC_Os07g13234,LOC_Os07g13234,0.819231,0.00144447
LOC_Os07g13540,LOC_Os07g13540,-0.933629,0.0148111
LOC_Os07g15370,LOC_Os07g15370,0.921903,0.00355611
LOC_Os07g15460,LOC_Os07g15460,-1.24831,0.0128631
LOC_Os07g15880,LOC_Os07g15880,-0.57593,0.0413115
LOC_Os07g16030,LOC_Os07g16030,0.771045,0.0182433
LOC_Os07g16950,LOC_Os07g16950,-0.955989,0.00144447
LOC_Os07g18750,LOC_Os07g18750,-1.34277,0.0122338
LOC_Os07g19190,LOC_Os07g19190,-0.778958,0.00355611
LOC_Os07g19494,LOC_Os07g19494,-0.627157,0.0219986
LOC_Os07g20580,LOC_Os07g20580,-0.567768,0.0456681
LOC_Os07g22400,LOC_Os07g22400,-0.681996,0.0224819
LOC_Os07g22460,LOC_Os07g22460,2.57224,0.00144447
LOC_Os07g22600,LOC_Os07g22600,-0.703418,0.0165457
LOC_Os07g22930,LOC_Os07g22930,-0.709492,0.00701559
LOC_Os07g23244,LOC_Os07g23244,-0.827983,0.0108632
LOC_Os07g23640,LOC_Os07g23640,-0.983029,0.00144447
LOC_Os07g23990,LOC_Os07g23990,-0.63646,0.0176481
LOC_Os07g25440,LOC_Os07g25440,-0.830729,0.0025789
LOC_Os07g25810,LOC_Os07g25810,1.15765,0.00144447
LOC_Os07g26100,LOC_Os07g26100,8.17337,0.00144447
LOC_Os07g26720,LOC_Os07g26720,-1.47229,0.0160083
LOC_Os07g26740,LOC_Os07g26740,-0.916774,0.00144447
LOC_Os07g27180,LOC_Os07g27180,-0.655271,0.0246692
LOC_Os07g27300,LOC_Os07g27300,-3.47959,0.00144447
LOC_Os07g29320,LOC_Os07g29320,-1.07213,0.00144447
LOC_Os07g29330,LOC_Os07g29330,1.29149,0.00144447
LOC_Os07g29750,LOC_Os07g29750,1.19338,0.0115122
LOC_Os07g30670,LOC_Os07g30670,1.40791,0.01995
LOC_Os07g31250,LOC_Os07g31250,0.957679,0.0135233
LOC_Os07g31500,LOC_Os07g31500,2.38217,0.00144447
LOC_Os07g31720,LOC_Os07g31720,0.899118,0.00144447
LOC_Os07g31960,LOC_Os07g31960,1.36715,0.0025789
LOC_Os07g32350,LOC_Os07g32350,-0.781159,0.00447556
LOC_Os07g32570,LOC_Os07g32570,-1.67701,0.00144447
LOC_Os07g32590,LOC_Os07g32590,-0.718388,0.01995
LOC_Os07g32650,LOC_Os07g32650,-1.72838,0.010105
LOC_Os07g32710,LOC_Os07g32710,8.11464,0.0025789
LOC_Os07g33100,LOC_Os07g33100,-0.652564,0.0329644
LOC_Os07g33650,LOC_Os07g33650,-1.09278,0.00936537
LOC_Os07g33660,LOC_Os07g33660,-0.925786,0.0128631
LOC_Os07g34110,LOC_Os07g34110,1.92484,0.0182433
LOC_Os07g34260,LOC_Os07g34260,2.27211,0.00144447
LOC_Os07g34740,LOC_Os07g34740,-0.996378,0.00144447
LOC_Os07g35390,LOC_Os07g35390,2.53102,0.00535638
LOC_Os07g35410,LOC_Os07g35410,1.76773,0.0219986
LOC_Os07g35480,LOC_Os07g35480,5.0835,0.00144447
LOC_Os07g35520,LOC_Os07g35520,0.796069,0.0329644
LOC_Os07g35610,LOC_Os07g35610,1.53595,0.00860411
LOC_Os07g35750,LOC_Os07g35750,1.76778,0.00144447
LOC_Os07g36130,LOC_Os07g36130,-0.735168,0.030574
LOC_Os07g36490,LOC_Os07g36490,-0.771125,0.0376365
LOC_Os07g38170,LOC_Os07g38170,-1.07324,0.00144447
LOC_Os07g38220,LOC_Os07g38220,-1.56099,0.00144447
LOC_Os07g38230,LOC_Os07g38230,0.984176,0.0278949
LOC_Os07g38290,LOC_Os07g38290,2.01604,0.00144447
LOC_Os07g38540,LOC_Os07g38540,-0.806101,0.0115122
LOC_Os07g38760,LOC_Os07g38760,-0.726876,0.00701559
LOC_Os07g39920,LOC_Os07g39920,0.883519,0.0310612
LOC_Os07g39980,LOC_Os07g39980,-0.773329,0.0204178
LOC_Os07g40930,LOC_Os07g40930,-0.92884,0.00144447
LOC_Os07g41180,LOC_Os07g41180,-0.709512,0.0115122
LOC_Os07g41190,LOC_Os07g41190,-0.940155,0.00144447
LOC_Os07g41260,LOC_Os07g41260,-0.719987,0.00701559
LOC_Os07g41600,LOC_Os07g41600,0.765949,0.00447556
LOC_Os07g41750,LOC_Os07g41750,-0.812334,0.00355611
LOC_Os07g42170,LOC_Os07g42170,-0.754956,0.00355611
LOC_Os07g42300,LOC_Os07g42300,-0.647134,0.0165457
LOC_Os07g42450,LOC_Os07g42450,-0.82526,0.00144447
LOC_Os07g42880,LOC_Os07g42880,-0.761635,0.0273338
LOC_Os07g42924,LOC_Os07g42924,2.06677,0.0345976
LOC_Os07g42950,LOC_Os07g42950,-0.627755,0.0215346
LOC_Os07g43290,LOC_Os07g43290,0.944944,0.0160083
LOC_Os07g43316,LOC_Os07g43316,0.801251,0.00701559
LOC_Os07g43470,LOC_Os07g43470,-0.59526,0.0401884
LOC_Os07g43810,LOC_Os07g43810,-0.850391,0.00355611
LOC_Os07g44040,LOC_Os07g44040,1.27345,0.00144447
LOC_Os07g44060,LOC_Os07g44060,3.3969,0.00144447
LOC_Os07g44190,LOC_Os07g44190,-0.857908,0.00144447
LOC_Os07g44290,LOC_Os07g44290,0.846542,0.0268193
LOC_Os07g44640,LOC_Os07g44640,-0.813898,0.00447556
LOC_Os07g44740,LOC_Os07g44740,-1.34079,0.00144447
LOC_Os07g44890,LOC_Os07g44890,2.21602,0.0241404
LOC_Os07g45000,LOC_Os07g45000,1.06038,0.00355611
LOC_Os07g45550,LOC_Os07g45550,1.79907,0.00144447
LOC_Os07g46350,LOC_Os07g46350,2.29091,0.0165457
LOC_Os07g46500,LOC_Os07g46500,-0.675842,0.0401884
LOC_Os07g46620,LOC_Os07g46620,-0.793635,0.0176481
LOC_Os07g46760,LOC_Os07g46760,-0.641395,0.0395646
LOC_Os07g47040,LOC_Os07g47040,-0.874969,0.00144447
LOC_Os07g47100,LOC_Os07g47100,-0.817964,0.00144447
LOC_Os07g47420,LOC_Os07g47420,-0.999588,0.0025789
LOC_Os07g47700,LOC_Os07g47700,-1.28557,0.0413115
LOC_Os07g47710,LOC_Os07g47710,-0.770369,0.00701559
LOC_Os07g47780,LOC_Os07g47780,-0.736054,0.0171042
LOC_Os07g47960,LOC_Os07g47960,0.753689,0.0108632
LOC_Os07g48200,LOC_Os07g48200,0.582104,0.0442813
LOC_Os07g48490,LOC_Os07g48490,-1.29308,0.00144447
LOC_Os07g48510,LOC_Os07g48510,0.695146,0.0219986
LOC_Os07g48810,LOC_Os07g48810,-0.649712,0.0478225
LOC_Os07g48910,LOC_Os07g48910,0.78104,0.01995
LOC_Os07g48960,LOC_Os07g48960,-0.606841,0.0263157
LOC_Os07g49140,LOC_Os07g49140,-1.58855,0.00144447
LOC_Os07g49210,LOC_Os07g49210,0.670531,0.0287714
LOC_Os07g49230,LOC_Os07g49230,-0.723027,0.0182433
LOC_Os08g01100,LOC_Os08g01100,-0.942114,0.00144447
LOC_Os08g01220,LOC_Os08g01220,2.00726,0.0224819
LOC_Os08g01380,LOC_Os08g01380,-0.672267,0.0142094
LOC_Os08g01620,LOC_Os08g01620,-0.638595,0.0350036
LOC_Os08g01660,LOC_Os08g01660,-0.655632,0.0432353
LOC_Os08g02230,LOC_Os08g02230,1.97774,0.00144447
LOC_Os08g02340,LOC_Os08g02340,-0.670123,0.0115122
LOC_Os08g02400,LOC_Os08g02400,-0.622269,0.0236047
LOC_Os08g02410,LOC_Os08g02410,-0.699528,0.00936537
LOC_Os08g02440,LOC_Os08g02440,-0.789778,0.0368084
LOC_Os08g02996,LOC_Os08g02996,1.42315,0.0025789
LOC_Os08g03520,LOC_Os08g03520,-0.681161,0.010105
LOC_Os08g03579,LOC_Os08g03579,-0.665066,0.0176481
LOC_Os08g03630,LOC_Os08g03630,-0.921642,0.010105
LOC_Os08g03640,LOC_Os08g03640,-0.884616,0.00144447
LOC_Os08g03990,LOC_Os08g03990,-0.694724,0.0209878
LOC_Os08g04310,LOC_Os08g04310,2.59505,0.00355611
LOC_Os08g04630,LOC_Os08g04630,1.38803,0.00144447
LOC_Os08g06040,LOC_Os08g06040,-0.784314,0.00144447
LOC_Os08g06230,LOC_Os08g06230,-0.786053,0.0122338
LOC_Os08g06474,LOC_Os08g06474,-1.31026,0.00355611
LOC_Os08g07290,LOC_Os08g07290,-0.783242,0.00860411
LOC_Os08g07330,LOC_Os08g07330,1.25198,0.00144447
LOC_Os08g08140,LOC_Os08g08140,0.655956,0.0413115
LOC_Os08g08570,LOC_Os08g08570,-0.784237,0.00355611
LOC_Os08g08592,LOC_Os08g08592,0.678928,0.0345976
LOC_Os08g09210,LOC_Os08g09210,-0.999275,0.00144447
LOC_Os08g09350,LOC_Os08g09350,-1.01519,0.00144447
LOC_Os08g09670,LOC_Os08g09670,1.19666,0.0160083
LOC_Os08g10250,LOC_Os08g10250,-2.13718,0.00535638
LOC_Os08g10300,LOC_Os08g10300,1.82055,0.00144447
LOC_Os08g10510,LOC_Os08g10510,-0.581837,0.0354856
LOC_Os08g10570,LOC_Os08g10570,-0.70064,0.0128631
LOC_Os08g13690,LOC_Os08g13690,-0.66164,0.0153591
LOC_Os08g13710,LOC_Os08g13710,-2.28758,0.0296755
LOC_Os08g14195,LOC_Os08g14195,5.85693,0.00144447
LOC_Os08g14700,LOC_Os08g14700,0.969969,0.0314313
LOC_Os08g14880,LOC_Os08g14880,1.07603,0.00144447
LOC_Os08g15030,LOC_Os08g15030,-0.750278,0.0153591
LOC_Os08g15060,LOC_Os08g15060,1.45374,0.00447556
LOC_Os08g16580,LOC_Os08g16580,-1.56161,0.0409044
LOC_Os08g17160,LOC_Os08g17160,1.42952,0.00144447
LOC_Os08g18150,LOC_Os08g18150,-0.668316,0.0384703
LOC_Os08g19420,LOC_Os08g19420,-1.4897,0.00144447
LOC_Os08g19650,LOC_Os08g19650,-0.817093,0.0287714
LOC_Os08g19850,LOC_Os08g19850,-0.593696,0.0342066
LOC_Os08g20486,LOC_Os08g20486,1.81226,0.00860411
LOC_Os08g21660,LOC_Os08g21660,-0.860726,0.00144447
LOC_Os08g23120,LOC_Os08g23120,-2.29587,0.00144447
LOC_Os08g23730,LOC_Os08g23730,-0.763702,0.00355611
LOC_Os08g24182,LOC_Os08g24182,-0.688091,0.0388817
LOC_Os08g25090,LOC_Os08g25090,-0.611577,0.0435347
LOC_Os08g25430,LOC_Os08g25430,1.4173,0.00144447
LOC_Os08g26880,LOC_Os08g26880,1.02435,0.0160083
LOC_Os08g27070,LOC_Os08g27070,-0.647602,0.0224819
LOC_Os08g27250,LOC_Os08g27250,3.15921,0.0350036
LOC_Os08g28030,LOC_Os08g28030,-0.76224,0.0314313
LOC_Os08g28170,LOC_Os08g28170,0.880934,0.0025789
LOC_Os08g30520,LOC_Os08g30520,1.84895,0.00144447
LOC_Os08g30910,LOC_Os08g30910,0.835092,0.0409044
LOC_Os08g31030,LOC_Os08g31030,1.18505,0.00144447
LOC_Os08g31980,LOC_Os08g31980,1.16114,0.00144447
LOC_Os08g32540,LOC_Os08g32540,1.22778,0.00781053
LOC_Os08g32690,LOC_Os08g32690,-0.597211,0.0392466
LOC_Os08g33100,LOC_Os08g33100,-0.708219,0.0165457
LOC_Os08g33160,LOC_Os08g33160,1.09868,0.00144447
LOC_Os08g33550,LOC_Os08g33550,5.75547,0.00447556
LOC_Os08g33920,LOC_Os08g33920,-0.671073,0.0160083
LOC_Os08g34010,LOC_Os08g34010,2.1097,0.00144447
LOC_Os08g34060,LOC_Os08g34060,0.595609,0.0460416
LOC_Os08g34320,LOC_Os08g34320,1.62781,0.0122338
LOC_Os08g34984,LOC_Os08g34984,0.752417,0.0171042
LOC_Os08g35050,LOC_Os08g35050,0.627893,0.040559
LOC_Os08g36150,LOC_Os08g36150,-0.938739,0.00144447
LOC_Os08g36320,LOC_Os08g36320,0.961315,0.0263157
LOC_Os08g36380,LOC_Os08g36380,1.72099,0.0368084
LOC_Os08g36630,LOC_Os08g36630,-1.5569,0.00144447
LOC_Os08g37370,LOC_Os08g37370,-0.693847,0.0230771
LOC_Os08g37456,LOC_Os08g37456,1.72044,0.0025789
LOC_Os08g37670,LOC_Os08g37670,1.71292,0.00144447
LOC_Os08g37840,LOC_Os08g37840,1.38789,0.00144447
LOC_Os08g38086,LOC_Os08g38086,-0.889461,0.00144447
LOC_Os08g38210,LOC_Os08g38210,1.02247,0.00355611
LOC_Os08g38300,LOC_Os08g38300,-0.645743,0.0215346
LOC_Os08g38710,LOC_Os08g38710,-1.06018,0.00144447
LOC_Os08g39140,LOC_Os08g39140,-0.662173,0.0153591
LOC_Os08g39820,LOC_Os08g39820,-0.659215,0.0464359
LOC_Os08g39890,LOC_Os08g39890,1.02085,0.00144447
LOC_Os08g40010,LOC_Os08g40010,-1.09228,0.00144447
LOC_Os08g40180,LOC_Os08g40180,-0.609363,0.0236047
LOC_Os08g40270,LOC_Os08g40270,2.23711,0.0435347
LOC_Os08g40280,LOC_Os08g40280,1.45746,0.0135233
LOC_Os08g41090,LOC_Os08g41090,0.848135,0.0135233
LOC_Os08g41300,LOC_Os08g41300,-0.690267,0.010105
LOC_Os08g41810,LOC_Os08g41810,-0.587347,0.0371932
LOC_Os08g42080,LOC_Os08g42080,-1.80044,0.00936537
LOC_Os08g42440,LOC_Os08g42440,0.855049,0.0165457
LOC_Os08g43380,LOC_Os08g43380,0.94727,0.00781053
LOC_Os08g43390,LOC_Os08g43390,4.61496,0.00144447
LOC_Os08g43600,LOC_Os08g43600,-1.34504,0.00144447
LOC_Os08g43730,LOC_Os08g43730,0.674372,0.0182433
LOC_Os08g44050,LOC_Os08g44050,0.881206,0.00144447
LOC_Os08g44340,LOC_Os08g44340,-0.947667,0.00619541
LOC_Os08g44360,LOC_Os08g44360,0.620883,0.0287714
LOC_Os08g44450,LOC_Os08g44450,-0.562094,0.0475095
LOC_Os08g44480,LOC_Os08g44480,-0.653347,0.0188543
LOC_Os08g44530,LOC_Os08g44530,-0.633525,0.0171042
LOC_Os08g44540,LOC_Os08g44540,-0.935106,0.0401884
LOC_Os08g44770,LOC_Os08g44770,-0.610093,0.0460416
LOC_Os08g44780,LOC_Os08g44780,0.763241,0.0194283
LOC_Os09g01650,LOC_Os09g01650,0.934581,0.00144447
LOC_Os09g01960,LOC_Os09g01960,-0.943512,0.0122338
LOC_Os09g02360,LOC_Os09g02360,0.99876,0.00144447
LOC_Os09g02810,LOC_Os09g02810,-0.677234,0.0153591
LOC_Os09g07130,LOC_Os09g07130,2.51166,0.00355611
LOC_Os09g07154,LOC_Os09g07154,1.80457,0.00144447
LOC_Os09g07440,LOC_Os09g07440,3.87067,0.00144447
LOC_Os09g07614,LOC_Os09g07614,-1.06567,0.00535638
LOC_Os09g09210,LOC_Os09g09210,8.49228,0.00144447
LOC_Os09g10600,LOC_Os09g10600,-0.622823,0.0310612
LOC_Os09g10980,LOC_Os09g10980,-1.34886,0.00144447
LOC_Os09g12270,LOC_Os09g12270,-0.936832,0.00144447
LOC_Os09g13680,LOC_Os09g13680,1.61039,0.00144447
LOC_Os09g14490,LOC_Os09g14490,2.85672,0.00355611
LOC_Os09g15480,LOC_Os09g15480,4.08847,0.0025789
LOC_Os09g15700,LOC_Os09g15700,2.80464,0.00144447
LOC_Os09g16510,LOC_Os09g16510,-1.36597,0.00447556
LOC_Os09g17660,LOC_Os09g17660,1.29273,0.0263157
LOC_Os09g17740,LOC_Os09g17740,-0.612776,0.0230771
LOC_Os09g17850,LOC_Os09g17850,-0.772189,0.00619541
LOC_Os09g18320,LOC_Os09g18320,-0.681925,0.01995
LOC_Os09g19150,LOC_Os09g19150,-0.709869,0.0438757
LOC_Os09g19650,LOC_Os09g19650,0.906751,0.00447556
LOC_Os09g19734,LOC_Os09g19734,-0.567842,0.0384703
LOC_Os09g21000,LOC_Os09g21000,0.860429,0.0025789
LOC_Os09g21340,LOC_Os09g21340,2.1815,0.00144447
LOC_Os09g21380,LOC_Os09g21380,0.951361,0.0428878
LOC_Os09g21430,LOC_Os09g21430,-1.08154,0.00535638
LOC_Os09g21520,LOC_Os09g21520,-0.843305,0.00701559
LOC_Os09g24690,LOC_Os09g24690,-0.78735,0.00144447
LOC_Os09g25620,LOC_Os09g25620,-1.20345,0.00144447
LOC_Os09g25720,LOC_Os09g25720,1.89698,0.0401884
LOC_Os09g26260,LOC_Os09g26260,-2.12487,0.00144447
LOC_Os09g26530,LOC_Os09g26530,0.929049,0.0025789
LOC_Os09g26590,LOC_Os09g26590,1.40267,0.0246692
LOC_Os09g26840,LOC_Os09g26840,1.6143,0.00619541
LOC_Os09g26980,LOC_Os09g26980,-2.076,0.0153591
LOC_Os09g26999,LOC_Os09g26999,-0.60742,0.0442813
LOC_Os09g27820,LOC_Os09g27820,1.5645,0.00144447
LOC_Os09g27990,LOC_Os09g27990,1.72152,0.00144447
LOC_Os09g28120,LOC_Os09g28120,-1.28279,0.00535638
LOC_Os09g28200,LOC_Os09g28200,-1.00696,0.0135233
LOC_Os09g28600,LOC_Os09g28600,2.11374,0.0252889
LOC_Os09g28660,LOC_Os09g28660,-1.12409,0.0475095
LOC_Os09g28850,LOC_Os09g28850,0.760811,0.0258554
LOC_Os09g29630,LOC_Os09g29630,-0.578298,0.0416717
LOC_Os09g29940,LOC_Os09g29940,0.90049,0.0438757
LOC_Os09g30120,LOC_Os09g30120,0.746795,0.0153591
LOC_Os09g30130,LOC_Os09g30130,0.958093,0.0025789
LOC_Os09g30400,LOC_Os09g30400,0.844679,0.0153591
LOC_Os09g30486,LOC_Os09g30486,1.05283,0.0376365
LOC_Os09g30980,LOC_Os09g30980,1.36194,0.0368084
LOC_Os09g31031,LOC_Os09g31031,3.23508,0.00144447
LOC_Os09g31230,LOC_Os09g31230,0.887131,0.00144447
LOC_Os09g31370,LOC_Os09g31370,1.01069,0.00860411
LOC_Os09g31380,LOC_Os09g31380,1.27075,0.0025789
LOC_Os09g31438,LOC_Os09g31438,1.13533,0.00144447
LOC_Os09g31486,LOC_Os09g31486,-1.05943,0.00144447
LOC_Os09g32010,LOC_Os09g32010,0.968713,0.00144447
LOC_Os09g32200,LOC_Os09g32200,-0.82399,0.00144447
LOC_Os09g32270,LOC_Os09g32270,0.632218,0.0470521
LOC_Os09g32470,LOC_Os09g32470,1.06756,0.040559
LOC_Os09g32500,LOC_Os09g32500,-0.616272,0.0345976
LOC_Os09g32510,LOC_Os09g32510,1.02552,0.00144447
LOC_Os09g32520,LOC_Os09g32520,-0.783832,0.00535638
LOC_Os09g32532,LOC_Os09g32532,-0.720084,0.0128631
LOC_Os09g32650,LOC_Os09g32650,-0.572208,0.0460416
LOC_Os09g32670,LOC_Os09g32670,1.19547,0.00144447
LOC_Os09g32976,LOC_Os09g32976,-0.823891,0.0025789
LOC_Os09g33580,LOC_Os09g33580,0.787526,0.00701559
LOC_Os09g33630,LOC_Os09g33630,0.765665,0.0470521
LOC_Os09g33940,LOC_Os09g33940,1.82087,0.0148111
LOC_Os09g34920,LOC_Os09g34920,2.29021,0.00144447
LOC_Os09g35730,LOC_Os09g35730,0.581956,0.0334095
LOC_Os09g35850,LOC_Os09g35850,-0.933697,0.0329644
LOC_Os09g35910,LOC_Os09g35910,0.745278,0.0384703
LOC_Os09g35980,LOC_Os09g35980,1.3959,0.00144447
LOC_Os09g36040,LOC_Os09g36040,-0.719242,0.0115122
LOC_Os09g36220,LOC_Os09g36220,0.678649,0.00936537
LOC_Os09g36470,LOC_Os09g36470,2.62327,0.00535638
LOC_Os09g36910,LOC_Os09g36910,2.04291,0.00144447
LOC_Os09g37006,LOC_Os09g37006,-0.864668,0.00144447
LOC_Os09g37470,LOC_Os09g37470,2.33401,0.00619541
LOC_Os09g37860,LOC_Os09g37860,-1.01276,0.00144447
LOC_Os09g38110,LOC_Os09g38110,2.20883,0.0128631
LOC_Os09g38130,LOC_Os09g38130,-0.910752,0.0401884
LOC_Os09g38340,LOC_Os09g38340,-0.664478,0.0478225
LOC_Os09g38400,LOC_Os09g38400,-0.72036,0.00860411
LOC_Os09g38440,LOC_Os09g38440,1.13416,0.00144447
LOC_Os09g38570,LOC_Os09g38570,-0.84814,0.00355611
LOC_Os09g38660,LOC_Os09g38660,-0.83526,0.0182433
LOC_Os09g39180,LOC_Os09g39180,-0.830015,0.00355611
LOC_Os09g39410,LOC_Os09g39410,-0.609243,0.0428878
LOC_Os09g39500,LOC_Os09g39500,-0.838214,0.00144447
LOC_Os09g39540,LOC_Os09g39540,-0.720984,0.0194283
LOC_Os09g39740,LOC_Os09g39740,-0.735768,0.0491305
LOC_Os09g39780,LOC_Os09g39780,-1.18693,0.00144447
LOC_Os10g01060,LOC_Os10g01060,0.866723,0.0334095
LOC_Os10g01540,LOC_Os10g01540,-0.958241,0.00781053
LOC_Os10g01570,LOC_Os10g01570,-0.778647,0.00144447
LOC_Os10g02040,LOC_Os10g02040,6.46681,0.00860411
LOC_Os10g02500,LOC_Os10g02500,1.89047,0.0278949
LOC_Os10g04050,LOC_Os10g04050,0.840556,0.0025789
LOC_Os10g05220,LOC_Os10g05220,-0.724732,0.0283631
LOC_Os10g05950,LOC_Os10g05950,1.19233,0.00144447
LOC_Os10g05990,LOC_Os10g05990,6.66449,0.0470521
LOC_Os10g08780,LOC_Os10g08780,-1.47437,0.00144447
LOC_Os10g08930,LOC_Os10g08930,-0.749708,0.00860411
LOC_Os10g10290,LOC_Os10g10290,-3.49991,0.0364192
LOC_Os10g10300,LOC_Os10g10300,-3.54384,0.0153591
LOC_Os10g10360,LOC_Os10g10360,0.68801,0.0392466
LOC_Os10g10434,LOC_Os10g10434,-0.682517,0.0135233
LOC_Os10g11100,LOC_Os10g11100,4.01231,0.00144447
LOC_Os10g11860,LOC_Os10g11860,0.982359,0.0148111
LOC_Os10g11980,LOC_Os10g11980,1.61467,0.0025789
LOC_Os10g14180,LOC_Os10g14180,0.928769,0.0499535
LOC_Os10g15310,LOC_Os10g15310,0.750989,0.0334095
LOC_Os10g19270,LOC_Os10g19270,5.47252,0.00860411
LOC_Os10g19910,LOC_Os10g19910,5.97522,0.030574
LOC_Os10g20650,LOC_Os10g20650,0.73133,0.0142094
LOC_Os10g22050,LOC_Os10g22050,1.34062,0.00144447
LOC_Os10g22170,LOC_Os10g22170,-0.829291,0.00860411
LOC_Os10g22380,LOC_Os10g22380,-0.592196,0.0287714
LOC_Os10g23090,LOC_Os10g23090,2.12751,0.0224819
LOC_Os10g23180,LOC_Os10g23180,-0.90182,0.00355611
LOC_Os10g25010,LOC_Os10g25010,1.63976,0.0359847
LOC_Os10g25674,LOC_Os10g25674,1.6152,0.00144447
LOC_Os10g26280,LOC_Os10g26280,-0.793237,0.010105
LOC_Os10g26690,LOC_Os10g26690,-1.0234,0.0148111
LOC_Os10g27170,LOC_Os10g27170,2.63772,0.0153591
LOC_Os10g27174,LOC_Os10g27174,-0.654078,0.0171042
LOC_Os10g27330,LOC_Os10g27330,0.767641,0.0263157
LOC_Os10g27470,LOC_Os10g27470,-0.902108,0.0292265
LOC_Os10g28210,LOC_Os10g28210,1.36335,0.0153591
LOC_Os10g28230,LOC_Os10g28230,-0.647677,0.0171042
LOC_Os10g28350,LOC_Os10g28350,2.3049,0.00144447
LOC_Os10g28440,LOC_Os10g28440,-2.84838,0.0025789
LOC_Os10g29390,LOC_Os10g29390,3.17097,0.0236047
LOC_Os10g29650,LOC_Os10g29650,-1.27076,0.00144447
LOC_Os10g30070,LOC_Os10g30070,2.11798,0.0142094
LOC_Os10g30280,LOC_Os10g30280,-0.683604,0.0399862
LOC_Os10g30520,LOC_Os10g30520,1.36104,0.00144447
LOC_Os10g30540,LOC_Os10g30540,1.80331,0.00144447
LOC_Os10g30560,LOC_Os10g30560,2.02582,0.0395646
LOC_Os10g30850,LOC_Os10g30850,1.49895,0.00619541
LOC_Os10g30910,LOC_Os10g30910,0.702065,0.0224819
LOC_Os10g31320,LOC_Os10g31320,2.15797,0.0025789
LOC_Os10g31330,LOC_Os10g31330,3.06416,0.0148111
LOC_Os10g31520,LOC_Os10g31520,-0.658589,0.0224819
LOC_Os10g31820,LOC_Os10g31820,0.849982,0.00144447
LOC_Os10g32550,LOC_Os10g32550,-0.953087,0.00144447
LOC_Os10g32820,LOC_Os10g32820,-0.730173,0.00701559
LOC_Os10g33520,LOC_Os10g33520,1.34601,0.00144447
LOC_Os10g33760,LOC_Os10g33760,-0.908415,0.00447556
LOC_Os10g33780,LOC_Os10g33780,1.26542,0.00144447
LOC_Os10g33900,LOC_Os10g33900,-0.657815,0.0219986
LOC_Os10g33940,LOC_Os10g33940,0.844038,0.00619541
LOC_Os10g34180,LOC_Os10g34180,-0.56179,0.0464359
LOC_Os10g35110,LOC_Os10g35110,-0.799867,0.0025789
LOC_Os10g35280,LOC_Os10g35280,-0.804047,0.00447556
LOC_Os10g35370,LOC_Os10g35370,-0.642613,0.0314313
LOC_Os10g35670,LOC_Os10g35670,1.34535,0.00144447
LOC_Os10g35770,LOC_Os10g35770,1.0115,0.00144447
LOC_Os10g35940,LOC_Os10g35940,-0.794351,0.0495307
LOC_Os10g36190,LOC_Os10g36190,-1.02756,0.0263157
LOC_Os10g36260,LOC_Os10g36260,1.67622,0.00144447
LOC_Os10g36420,LOC_Os10g36420,1.233,0.00144447
LOC_Os10g36500,LOC_Os10g36500,1.51065,0.0395646
LOC_Os10g36810,LOC_Os10g36810,0.57216,0.0435347
LOC_Os10g37180,LOC_Os10g37180,-1.30457,0.00144447
LOC_Os10g37190,LOC_Os10g37190,-0.71605,0.0182433
LOC_Os10g37290,LOC_Os10g37290,4.29989,0.00144447
LOC_Os10g37690,LOC_Os10g37690,-0.823749,0.00535638
LOC_Os10g38940,LOC_Os10g38940,1.02577,0.00144447
LOC_Os10g39140,LOC_Os10g39140,-0.954003,0.00535638
LOC_Os10g39150,LOC_Os10g39150,-2.1613,0.0478225
LOC_Os10g39410,LOC_Os10g39410,-2.03597,0.00144447
LOC_Os10g39660,LOC_Os10g39660,1.12676,0.0273338
LOC_Os10g39670,LOC_Os10g39670,0.740966,0.010105
LOC_Os10g40100,LOC_Os10g40100,0.72381,0.0176481
LOC_Os10g40390,LOC_Os10g40390,0.981219,0.0364192
LOC_Os10g40480,LOC_Os10g40480,2.76032,0.0148111
LOC_Os10g40530,LOC_Os10g40530,3.95616,0.00355611
LOC_Os10g40540,LOC_Os10g40540,-0.817212,0.00355611
LOC_Os10g40614,LOC_Os10g40614,1.3425,0.00144447
LOC_Os10g40880,LOC_Os10g40880,-1.58942,0.0292265
LOC_Os10g41430,LOC_Os10g41430,0.72542,0.0296755
LOC_Os10g41470,LOC_Os10g41470,-0.655587,0.0160083
LOC_Os10g41838,LOC_Os10g41838,4.18504,0.00144447
LOC_Os10g41960,LOC_Os10g41960,-0.573374,0.0425371
LOC_Os10g42110,LOC_Os10g42110,0.754191,0.00447556
LOC_Os10g42230,LOC_Os10g42230,-0.588814,0.0368084
LOC_Os10g42250,LOC_Os10g42250,-0.75253,0.0182433
LOC_Os10g42700,LOC_Os10g42700,-0.75792,0.0421388
LOC_Os10g42860,LOC_Os10g42860,-0.69977,0.0194283
LOC_Os10g43050,LOC_Os10g43050,-0.675161,0.0292265
LOC_Os11g01420,LOC_Os11g01420,-0.841966,0.0128631
LOC_Os11g01530,LOC_Os11g01530,0.821699,0.00447556
LOC_Os11g01570,LOC_Os11g01570,2.78573,0.00144447
LOC_Os11g01850,LOC_Os11g01850,1.73842,0.0115122
LOC_Os11g02240,LOC_Os11g02240,0.993791,0.00144447
LOC_Os11g02330,LOC_Os11g02330,0.875793,0.0115122
LOC_Os11g02350,LOC_Os11g02350,0.877703,0.010105
LOC_Os11g03240,LOC_Os11g03240,1.00412,0.0165457
LOC_Os11g03470,LOC_Os11g03470,-0.67498,0.0314313
LOC_Os11g03730,LOC_Os11g03730,0.770991,0.0425371
LOC_Os11g03990,LOC_Os11g03990,-1.22832,0.00144447
LOC_Os11g04070,LOC_Os11g04070,-1.43205,0.00144447
LOC_Os11g04200,LOC_Os11g04200,-0.657047,0.0392466
LOC_Os11g04370,LOC_Os11g04370,-0.890803,0.00355611
LOC_Os11g04710,LOC_Os11g04710,0.900296,0.0438757
LOC_Os11g05010,LOC_Os11g05010,0.604116,0.0338106
LOC_Os11g05050,LOC_Os11g05050,0.602924,0.0368084
LOC_Os11g05180,LOC_Os11g05180,-1.55595,0.0338106
LOC_Os11g05190,LOC_Os11g05190,1.29657,0.00144447
LOC_Os11g05494,LOC_Os11g05494,2.71367,0.00535638
LOC_Os11g05562,LOC_Os11g05562,-0.77854,0.00144447
LOC_Os11g05730,LOC_Os11g05730,-0.92722,0.00355611
LOC_Os11g05840,LOC_Os11g05840,3.67184,0.00355611
LOC_Os11g05860,LOC_Os11g05860,0.931714,0.00144447
LOC_Os11g06720,LOC_Os11g06720,-1.06765,0.00144447
LOC_Os11g06750,LOC_Os11g06750,-0.744523,0.00144447
LOC_Os11g06900,LOC_Os11g06900,-1.01965,0.0025789
LOC_Os11g07460,LOC_Os11g07460,0.758494,0.0246692
LOC_Os11g07500,LOC_Os11g07500,-0.669505,0.0153591
LOC_Os11g08210,LOC_Os11g08210,0.990064,0.0435347
LOC_Os11g08330,LOC_Os11g08330,-0.584417,0.0371932
LOC_Os11g08610,LOC_Os11g08610,8.38809,0.0241404
LOC_Os11g09020,LOC_Os11g09020,-0.894889,0.030574
LOC_Os11g09720,LOC_Os11g09720,1.7912,0.00144447
LOC_Os11g10290,LOC_Os11g10290,1.4456,0.00144447
LOC_Os11g10460,LOC_Os11g10460,1.83254,0.00144447
LOC_Os11g10710,LOC_Os11g10710,1.34409,0.0310612
LOC_Os11g11330,LOC_Os11g11330,2.05463,0.00781053
LOC_Os11g11350,LOC_Os11g11350,1.58551,0.0215346
LOC_Os11g11390,LOC_Os11g11390,-0.656427,0.0148111
LOC_Os11g11694,LOC_Os11g11694,2.40861,0.00144447
LOC_Os11g11990,LOC_Os11g11990,0.777545,0.0456681
LOC_Os11g12740,LOC_Os11g12740,0.872713,0.0219986
LOC_Os11g14544,LOC_Os11g14544,0.667068,0.0176481
LOC_Os11g17954,LOC_Os11g17954,5.09697,0.0283631
LOC_Os11g17970,LOC_Os11g17970,1.20622,0.00936537
LOC_Os11g18730,LOC_Os11g18730,3.20355,0.00144447
LOC_Os11g19250,LOC_Os11g19250,-0.685751,0.0142094
LOC_Os11g20179,LOC_Os11g20179,0.812577,0.0401884
LOC_Os11g22150,LOC_Os11g22150,2.60708,0.00144447
LOC_Os11g22960,LOC_Os11g22960,1.40139,0.00144447
LOC_Os11g23770,LOC_Os11g23770,2.37124,0.0392466
LOC_Os11g24374,LOC_Os11g24374,-1.06798,0.0241404
LOC_Os11g24510,LOC_Os11g24510,2.19255,0.00144447
LOC_Os11g24610,LOC_Os11g24610,-0.694031,0.0135233
LOC_Os11g25160,LOC_Os11g25160,1.09182,0.00144447
LOC_Os11g28910,LOC_Os11g28910,1.38249,0.0188543
LOC_Os11g29000,LOC_Os11g29000,-1.80343,0.0108632
LOC_Os11g29350,LOC_Os11g29350,1.98111,0.00144447
LOC_Os11g29720,LOC_Os11g29720,-2.10687,0.00144447
LOC_Os11g30430,LOC_Os11g30430,1.47741,0.00144447
LOC_Os11g31480,LOC_Os11g31480,1.20734,0.0354856
LOC_Os11g31900,LOC_Os11g31900,-0.694713,0.0128631
LOC_Os11g31980,LOC_Os11g31980,-0.580766,0.0470521
LOC_Os11g32780,LOC_Os11g32780,1.52214,0.00144447
LOC_Os11g33270,LOC_Os11g33270,1.03419,0.00144447
LOC_Os11g34020,LOC_Os11g34020,1.14043,0.0381186
LOC_Os11g34130,LOC_Os11g34130,-1.18455,0.0432353
LOC_Os11g34710,LOC_Os11g34710,-3.37614,0.00144447
LOC_Os11g35050,LOC_Os11g35050,0.980489,0.00144447
LOC_Os11g35060,LOC_Os11g35060,1.45369,0.00144447
LOC_Os11g35630,LOC_Os11g35630,1.13606,0.0451997
LOC_Os11g35710,LOC_Os11g35710,1.93195,0.00144447
LOC_Os11g36060,LOC_Os11g36060,-0.737749,0.00355611
LOC_Os11g37080,LOC_Os11g37080,-0.902723,0.0025789
LOC_Os11g37100,LOC_Os11g37100,-0.689808,0.0268193
LOC_Os11g37740,LOC_Os11g37740,0.679596,0.0296755
LOC_Os11g37900,LOC_Os11g37900,-1.02182,0.0128631
LOC_Os11g38959,LOC_Os11g38959,-0.762389,0.00144447
LOC_Os11g39020,LOC_Os11g39020,-0.641307,0.0395646
LOC_Os11g39160,LOC_Os11g39160,-3.93902,0.0301367
LOC_Os11g39200,LOC_Os11g39200,1.92808,0.0399862
LOC_Os11g39209,LOC_Os11g39209,6.17568,0.00144447
LOC_Os11g39220,LOC_Os11g39220,1.1309,0.00535638
LOC_Os11g39254,LOC_Os11g39254,1.76006,0.00144447
LOC_Os11g39260,LOC_Os11g39260,1.82978,0.0371932
LOC_Os11g39290,LOC_Os11g39290,3.69649,0.00144447
LOC_Os11g39320,LOC_Os11g39320,-2.50209,0.00144447
LOC_Os11g39330,LOC_Os11g39330,1.46772,0.0381186
LOC_Os11g39350,LOC_Os11g39350,2.46107,0.00144447
LOC_Os11g39540,LOC_Os11g39540,1.23903,0.0318893
LOC_Os11g40510,LOC_Os11g40510,0.919987,0.00144447
LOC_Os11g41170,LOC_Os11g41170,0.991024,0.010105
LOC_Os11g41410,LOC_Os11g41410,1.21686,0.00144447
LOC_Os11g41600,LOC_Os11g41600,0.895965,0.0115122
LOC_Os11g41770,LOC_Os11g41770,6.28486,0.00144447
LOC_Os11g41780,LOC_Os11g41780,5.25081,0.00144447
LOC_Os11g42500,LOC_Os11g42500,2.51561,0.0025789
LOC_Os11g42550,LOC_Os11g42550,1.70534,0.00144447
LOC_Os11g43620,LOC_Os11g43620,-1.07019,0.00144447
LOC_Os11g43750,LOC_Os11g43750,0.717473,0.0165457
LOC_Os11g43760,LOC_Os11g43760,1.50703,0.0209878
LOC_Os11g44810,LOC_Os11g44810,0.965125,0.00144447
LOC_Os11g44950,LOC_Os11g44950,1.03404,0.00936537
LOC_Os11g45090,LOC_Os11g45090,1.46965,0.0135233
LOC_Os11g45400,LOC_Os11g45400,2.51453,0.0342066
LOC_Os11g47730,LOC_Os11g47730,1.144,0.00535638
LOC_Os11g47800,LOC_Os11g47800,-0.699869,0.0468042
LOC_Os12g01430,LOC_Os12g01430,-0.889282,0.00860411
LOC_Os12g01449,LOC_Os12g01449,1.4622,0.0025789
LOC_Os12g01560,LOC_Os12g01560,1.72904,0.00144447
LOC_Os12g01760,LOC_Os12g01760,0.875425,0.0283631
LOC_Os12g01880,LOC_Os12g01880,-1.02701,0.01995
LOC_Os12g02200,LOC_Os12g02200,0.837896,0.0025789
LOC_Os12g02290,LOC_Os12g02290,1.04414,0.00447556
LOC_Os12g02300,LOC_Os12g02300,1.00137,0.00355611
LOC_Os12g02980,LOC_Os12g02980,0.858929,0.00144447
LOC_Os12g03190,LOC_Os12g03190,-0.687473,0.0283631
LOC_Os12g03770,LOC_Os12g03770,2.41566,0.00936537
LOC_Os12g03822,LOC_Os12g03822,-1.36001,0.00144447
LOC_Os12g03880,LOC_Os12g03880,-0.968946,0.00144447
LOC_Os12g04010,LOC_Os12g04010,-0.615032,0.0470521
LOC_Os12g04160,LOC_Os12g04160,-0.825181,0.00535638
LOC_Os12g04204,LOC_Os12g04204,1.33053,0.00144447
LOC_Os12g04410,LOC_Os12g04410,0.904056,0.0395646
LOC_Os12g04480,LOC_Os12g04480,1.19503,0.00144447
LOC_Os12g04740,LOC_Os12g04740,-0.63663,0.0468042
LOC_Os12g05320,LOC_Os12g05320,-1.30774,0.0287714
LOC_Os12g05430,LOC_Os12g05430,-0.671799,0.0182433
LOC_Os12g05590,LOC_Os12g05590,0.78016,0.0468042
LOC_Os12g06130,LOC_Os12g06130,2.04408,0.0108632
LOC_Os12g06290,LOC_Os12g06290,2.6347,0.00144447
LOC_Os12g06340,LOC_Os12g06340,1.93459,0.0241404
LOC_Os12g06464,LOC_Os12g06464,0.930622,0.00619541
LOC_Os12g06610,LOC_Os12g06610,-0.831967,0.0025789
LOC_Os12g06910,LOC_Os12g06910,-0.71389,0.00860411
LOC_Os12g07010,LOC_Os12g07010,-0.593479,0.0338106
LOC_Os12g07110,LOC_Os12g07110,-0.759781,0.0224819
LOC_Os12g07150,LOC_Os12g07150,2.27087,0.00144447
LOC_Os12g07190,LOC_Os12g07190,-0.746585,0.0135233
LOC_Os12g07260,LOC_Os12g07260,-0.711662,0.0025789
LOC_Os12g07350,LOC_Os12g07350,-0.6867,0.0219986
LOC_Os12g07740,LOC_Os12g07740,-0.68577,0.0128631
LOC_Os12g08025,LOC_Os12g08025,0.926604,0.0194283
LOC_Os12g08090,LOC_Os12g08090,-1.9171,0.0160083
LOC_Os12g09590,LOC_Os12g09590,-0.676621,0.0115122
LOC_Os12g10190,LOC_Os12g10190,1.0734,0.0025789
LOC_Os12g10280,LOC_Os12g10280,-1.9238,0.00144447
LOC_Os12g10320,LOC_Os12g10320,2.18093,0.00144447
LOC_Os12g10650,LOC_Os12g10650,-0.658118,0.0194283
LOC_Os12g12690,LOC_Os12g12690,0.757903,0.0409044
LOC_Os12g13100,LOC_Os12g13100,1.28021,0.00144447
LOC_Os12g13300,LOC_Os12g13300,1.40135,0.00447556
LOC_Os12g13910,LOC_Os12g13910,1.53806,0.00144447
LOC_Os12g14070,LOC_Os12g14070,-0.617898,0.0215346
LOC_Os12g14126,LOC_Os12g14126,1.11913,0.030574
LOC_Os12g14220,LOC_Os12g14220,0.913415,0.0025789
LOC_Os12g16290,LOC_Os12g16290,1.21202,0.00701559
LOC_Os12g16720,LOC_Os12g16720,3.25044,0.00144447
LOC_Os12g17090,LOC_Os12g17090,1.05688,0.0368084
LOC_Os12g17480,LOC_Os12g17480,1.05858,0.0273338
LOC_Os12g17490,LOC_Os12g17490,1.30627,0.00144447
LOC_Os12g17600,LOC_Os12g17600,-0.693182,0.0401884
LOC_Os12g17910,LOC_Os12g17910,-1.10449,0.00144447
LOC_Os12g18140,LOC_Os12g18140,-0.608312,0.0409044
LOC_Os12g18960,LOC_Os12g18960,2.04371,0.0301367
LOC_Os12g19381,LOC_Os12g19381,-1.67679,0.00144447
LOC_Os12g19470,LOC_Os12g19470,-0.873685,0.00355611
LOC_Os12g20390,LOC_Os12g20390,0.635815,0.0482521
LOC_Os12g21784,LOC_Os12g21784,-1.61747,0.0188543
LOC_Os12g21798,LOC_Os12g21798,-1.08562,0.00144447
LOC_Os12g23180,LOC_Os12g23180,-0.856386,0.0273338
LOC_Os12g24020,LOC_Os12g24020,2.72626,0.0142094
LOC_Os12g24790,LOC_Os12g24790,7.32903,0.0283631
LOC_Os12g24800,LOC_Os12g24800,-0.784969,0.0230771
LOC_Os12g25120,LOC_Os12g25120,-0.762292,0.00619541
LOC_Os12g25200,LOC_Os12g25200,1.61081,0.00144447
LOC_Os12g26060,LOC_Os12g26060,-0.876408,0.00535638
LOC_Os12g27335,LOC_Os12g27335,1.65828,0.00144447
LOC_Os12g29660,LOC_Os12g29660,-0.683223,0.0176481
LOC_Os12g30040,LOC_Os12g30040,1.23239,0.00144447
LOC_Os12g31748,LOC_Os12g31748,2.82367,0.0268193
LOC_Os12g31800,LOC_Os12g31800,-0.695417,0.0108632
LOC_Os12g31860,LOC_Os12g31860,1.76386,0.00144447
LOC_Os12g32280,LOC_Os12g32280,-1.02336,0.0314313
LOC_Os12g32380,LOC_Os12g32380,-0.822603,0.0025789
LOC_Os12g32499,LOC_Os12g32499,2.21836,0.0425371
LOC_Os12g32620,LOC_Os12g32620,-0.913693,0.00144447
LOC_Os12g32986,LOC_Os12g32986,-0.725878,0.0025789
LOC_Os12g33240,LOC_Os12g33240,-0.626386,0.0350036
LOC_Os12g34052,LOC_Os12g34052,1.26422,0.0292265
LOC_Os12g34094,LOC_Os12g34094,-0.859899,0.0354856
LOC_Os12g34350,LOC_Os12g34350,-0.73678,0.00619541
LOC_Os12g34500,LOC_Os12g34500,-1.07037,0.00144447
LOC_Os12g34510,LOC_Os12g34510,-1.09684,0.00144447
LOC_Os12g34890,LOC_Os12g34890,-0.819104,0.0153591
LOC_Os12g34980,LOC_Os12g34980,-1.52035,0.00144447
LOC_Os12g35270,LOC_Os12g35270,-0.733069,0.0219986
LOC_Os12g35610,LOC_Os12g35610,1.37006,0.00355611
LOC_Os12g35630,LOC_Os12g35630,-0.956183,0.00355611
LOC_Os12g36640,LOC_Os12g36640,1.06219,0.00144447
LOC_Os12g37400,LOC_Os12g37400,-0.680122,0.00860411
LOC_Os12g37510,LOC_Os12g37510,1.37476,0.0115122
LOC_Os12g37650,LOC_Os12g37650,0.611912,0.040559
LOC_Os12g38150,LOC_Os12g38150,1.48304,0.00144447
LOC_Os12g38310,LOC_Os12g38310,-0.76345,0.0176481
LOC_Os12g38400,LOC_Os12g38400,1.98034,0.00144447
LOC_Os12g38430,LOC_Os12g38430,0.728555,0.0122338
LOC_Os12g38440,LOC_Os12g38440,0.856633,0.0025789
LOC_Os12g38490,LOC_Os12g38490,0.62692,0.0350036
LOC_Os12g38750,LOC_Os12g38750,1.20859,0.0025789
LOC_Os12g39100,LOC_Os12g39100,1.63108,0.00144447
LOC_Os12g39200,LOC_Os12g39200,0.628302,0.0364192
LOC_Os12g39220,LOC_Os12g39220,1.55507,0.00701559
LOC_Os12g39310,LOC_Os12g39310,-2.12681,0.00535638
LOC_Os12g39380,LOC_Os12g39380,0.687355,0.0338106
LOC_Os12g39640,LOC_Os12g39640,-0.857442,0.0409044
LOC_Os12g39780,LOC_Os12g39780,2.20643,0.00619541
LOC_Os12g39930,LOC_Os12g39930,-1.27784,0.00535638
LOC_Os12g40010,LOC_Os12g40010,0.585209,0.0395646
LOC_Os12g40100,LOC_Os12g40100,0.999193,0.0451997
LOC_Os12g40550,LOC_Os12g40550,0.774518,0.00355611
LOC_Os12g40840,LOC_Os12g40840,0.578227,0.0432353
LOC_Os12g41160,LOC_Os12g41160,-1.14381,0.0273338
LOC_Os12g41190,LOC_Os12g41190,-0.605997,0.0371932
LOC_Os12g41400,LOC_Os12g41400,-0.751649,0.00144447
LOC_Os12g41620,LOC_Os12g41620,-0.587712,0.0428878
LOC_Os12g41720,LOC_Os12g41720,1.89603,0.00535638
LOC_Os12g41930,LOC_Os12g41930,-0.980597,0.00144447
LOC_Os12g41940,LOC_Os12g41940,1.09905,0.0421388
LOC_Os12g41950,LOC_Os12g41950,1.20409,0.00144447
LOC_Os12g41956,LOC_Os12g41956,0.88889,0.00447556
LOC_Os12g42570,LOC_Os12g42570,0.669061,0.0224819
LOC_Os12g42610,LOC_Os12g42610,0.97312,0.00144447
LOC_Os12g43130,LOC_Os12g43130,-1.51813,0.00144447
LOC_Os12g43830,LOC_Os12g43830,-0.769873,0.0392466
LOC_Os12g43840,LOC_Os12g43840,1.46437,0.00144447
LOC_Os12g43970,LOC_Os12g43970,1.3979,0.0416717
