"","from","to"
"1","6657","3569"
"2","6657","783"
"3","6657","3084"
"4","6657","91947"
"5","6657","2825"
"6","6657","5144"
"7","6657","64787"
"8","6657","55521"
"9","6657","10409"
"10","6657","5744"
"11","6657","221935"
"12","6657","7128"
"13","6657","257194"
"14","6657","1491"
"15","6657","7779"
"16","6657","6860"
"17","6657","586"
"18","6657","147"
"19","6657","1647"
"20","6657","440"
"21","6657","9818"
"22","6657","8099"
"23","6657","6541"
"24","6657","79844"
"25","6657","3576"
"26","6657","7494"
"27","6657","4242"
"28","6657","26154"
"29","6657","83716"
"30","6657","3899"
"31","6657","22843"
"32","6657","55740"
"33","6657","861"
"34","6657","221749"
"35","6657","3175"
"36","6657","6273"
"37","6657","4261"
"38","6657","6520"
"39","6657","4734"
"40","6657","10492"
"41","6657","664"
"42","6657","5245"
"43","6657","688"
"44","6657","131578"
"45","6657","54798"
"46","6657","54757"
"47","6657","5163"
"48","6657","6718"
"49","6657","214"
"50","6657","326624"
"51","6657","253738"
"52","6657","80036"
"53","6657","119587"
"54","6657","4133"
"55","6657","2995"
"56","6657","4773"
"57","6657","1287"
"58","6657","333926"
"59","6657","27254"
"60","6657","51074"
"61","6657","401474"
"62","6657","8835"
"63","6657","4306"
"64","6657","590"
"65","6657","1303"
"66","6657","23493"
"67","6657","29995"
"68","6657","57575"
"69","6657","7099"
"70","6657","51633"
"71","6657","8326"
"72","6657","9037"
"73","6657","5046"
"74","6657","1306"
"75","6657","27315"
"76","6657","596"
"77","6657","8470"
"78","6657","8543"
"79","6657","29953"
"80","6657","90634"
"81","6657","3815"
"82","6657","55107"
"83","6657","9957"
"84","6657","5101"
"85","6657","1282"
"86","6657","22"
"87","6657","25841"
"88","6657","22985"
"89","6657","10121"
"90","6657","10863"
"91","6657","170690"
"92","6657","171019"
"93","6657","92949"
"94","6657","148"
"95","6657","157"
"96","6657","55966"
"97","6657","23189"
"98","6657","160"
"99","6657","8546"
"100","6657","351"
"101","6657","359"
"102","6657","10565"
"103","6657","57492"
"104","6657","84159"
"105","6657","84100"
"106","6657","57561"
"107","6657","9550"
"108","6657","549"
"109","6657","25805"
"110","6657","343472"
"111","6657","650"
"112","6657","655"
"113","6657","694"
"114","6657","28971"
"115","6657","92126"
"116","6657","339448"
"117","6657","140733"
"118","6657","167691"
"119","6657","202865"
"120","6657","55064"
"121","6657","203238"
"122","6657","762"
"123","6657","773"
"124","6657","781"
"125","6657","843"
"126","6657","595"
"127","6657","3732"
"128","6657","1000"
"129","6657","1004"
"130","6657","1007"
"131","6657","54901"
"132","6657","9425"
"133","6657","153571"
"134","6657","1070"
"135","6657","1072"
"136","6657","11200"
"137","6657","1112"
"138","6657","1124"
"139","6657","53405"
"140","6657","1315"
"141","6657","50813"
"142","6657","51232"
"143","6657","9440"
"144","6657","114788"
"145","6657","1618"
"146","6657","80243"
"147","6657","81624"
"148","6657","11144"
"149","6657","1837"
"150","6657","1871"
"151","6657","112399"
"152","6657","1960"
"153","6657","27161"
"154","6657","1993"
"155","6657","8320"
"156","6657","2043"
"157","6657","80712"
"158","6657","2119"
"159","6657","339479"
"160","6657","2176"
"161","6657","157574"
"162","6657","23291"
"163","6657","2246"
"164","6657","9965"
"165","6657","26281"
"166","6657","2263"
"167","6657","2313"
"168","6657","3170"
"169","6657","27023"
"170","6657","55810"
"171","6657","2308"
"172","6657","27086"
"173","6657","8321"
"174","6657","2535"
"175","6657","8324"
"176","6657","2571"
"177","6657","10912"
"178","6657","2737"
"179","6657","10672"
"180","6657","2770"
"181","6657","10082"
"182","6657","79977"
"183","6657","2870"
"184","6657","2914"
"185","6657","2931"
"186","6657","3037"
"187","6657","9734"
"188","6657","55733"
"189","6657","83872"
"190","6657","60495"
"191","6657","10075"
"192","6657","11153"
"193","6657","3592"
"194","6657","253430"
"195","6657","153572"
"196","6657","55818"
"197","6657","27133"
"198","6657","131096"
"199","6657","3763"
"200","6657","10242"
"201","6657","27345"
"202","6657","79932"
"203","6657","84530"
"204","6657","9215"
"205","6657","51574"
"206","6657","9355"
"207","6657","64211"
"208","6657","55885"
"209","6657","4017"
"210","6657","4036"
"211","6657","57633"
"212","6657","27258"
"213","6657","9863"
"214","6657","4296"
"215","6657","27430"
"216","6657","85027"
"217","6657","4617"
"218","6657","23327"
"219","6657","4745"
"220","6657","9603"
"221","6657","8715"
"222","6657","64067"
"223","6657","7101"
"224","6657","4929"
"225","6657","2649"
"226","6657","63899"
"227","6657","266553"
"228","6657","8473"
"229","6657","93145"
"230","6657","8387"
"231","6657","5076"
"232","6657","5077"
"233","6657","51585"
"234","6657","5125"
"235","6657","29951"
"236","6657","23396"
"237","6657","5308"
"238","6657","58473"
"239","6657","5366"
"240","6657","84271"
"241","6657","55718"
"242","6657","5451"
"243","6657","5456"
"244","6657","8611"
"245","6657","54866"
"246","6657","5546"
"247","6657","112464"
"248","6657","5629"
"249","6657","5701"
"250","6657","5774"
"251","6657","5818"
"252","6657","5921"
"253","6657","5924"
"254","6657","30062"
"255","6657","11030"
"256","6657","55756"
"257","6657","5989"
"258","6657","5992"
"259","6657","8737"
"260","6657","51320"
"261","6657","9781"
"262","6657","11237"
"263","6657","4919"
"264","6657","6096"
"265","6657","6176"
"266","6657","56475"
"267","6657","6235"
"268","6657","23212"
"269","6657","6299"
"270","6657","10371"
"271","6657","57556"
"272","6657","6422"
"273","6657","94081"
"274","6657","6457"
"275","6657","399694"
"276","6657","6555"
"277","6657","6565"
"278","6657","387700"
"279","6657","57419"
"280","6657","23657"
"281","6657","8140"
"282","6657","56916"
"283","6657","6617"
"284","6657","6638"
"285","6657","6660"
"286","6657","6671"
"287","6657","9043"
"288","6657","121599"
"289","6657","161742"
"290","6657","84620"
"291","6657","10809"
"292","6657","6854"
"293","6657","132204"
"294","6657","79718"
"295","6657","83439"
"296","6657","7059"
"297","6657","7088"
"298","6657","7090"
"299","6657","66000"
"300","6657","7153"
"301","6657","133022"
"302","6657","8805"
"303","6657","26133"
"304","6657","10194"
"305","6657","7296"
"306","6657","148581"
"307","6657","55284"
"308","6657","7368"
"309","6657","29761"
"310","6657","25862"
"311","6657","7874"
"312","6657","134430"
"313","6657","151790"
"314","6657","56949"
"315","6657","22803"
"316","6657","10138"
"317","6657","23174"
"318","6657","79683"
"319","6657","9839"
"320","6657","7545"
"321","6657","7547"
"322","6657","84107"
"323","6657","7738"
"324","6657","7764"
"325","6657","158399"
"326","6657","54989"
"327","6657","140836"
"328","6657","29948"
"329","6657","5155"
"330","6657","2549"
"331","6657","123041"
"332","6657","321"
"333","6657","3991"
"334","6657","56934"
"335","6657","9745"
"336","6657","10083"
"337","6657","26112"
"338","6657","1770"
"339","6657","4684"
"340","6657","23007"
"341","6657","4978"
"342","6657","284013"
"343","6657","2940"
"344","6657","395"
"345","6657","283416"
"346","6657","140947"
"347","6657","2047"
"348","6657","152789"
"349","6657","23413"
"350","6657","22987"
"351","6657","375513"
"352","6657","23239"
"353","6657","22848"
"354","6657","10257"
"355","6657","158866"
"356","6657","5332"
"357","6657","50515"
"358","6657","51059"
"359","6657","64478"
"360","6657","1301"
"361","6657","2863"
"362","6657","10584"
"363","6657","9427"
"364","6657","54039"
"365","6657","83696"
"366","6657","6433"
"367","6657","133121"
"368","6657","55690"
"369","6657","9628"
"370","6657","154796"
"371","6657","23705"
"372","6657","56655"
"373","6657","6336"
"374","6657","1409"
"375","6657","7140"
"376","6657","4598"
"377","6657","51422"
"378","6657","285590"
"379","6657","23112"
"380","6657","345757"
"381","6657","54805"
"382","6657","55114"
"383","6657","26286"
"384","6657","1024"
"385","6657","9450"
"386","6657","399744"
"387","6657","64407"
"388","6657","129684"
"389","6657","54664"
"390","6657","2483"
"391","6657","6662"
"392","6657","57194"
"393","6657","132789"
"394","6657","5923"
"395","6657","57181"
"396","6657","64062"
"397","6657","4976"
"398","6657","84250"
"399","6657","51710"
"400","6657","51090"
"401","6657","6900"
"402","6657","286204"
"403","6657","5272"
"404","6657","55611"
"405","6657","128989"
"406","6657","272"
"407","6657","151987"
"408","6657","8514"
"409","6657","8566"
"410","6657","55512"
"411","6657","961"
"412","6657","57533"
"413","6657","2800"
"414","6657","57037"
"415","6657","9014"
"416","6657","9612"
"417","6657","30820"
"418","6657","1012"
"419","6657","27136"
"420","6657","492307"
"421","6657","7260"
"422","6657","8672"
"423","6657","121793"
"424","6657","775"
"425","6657","10752"
"426","6657","10124"
"427","6657","1009"
"428","6657","5613"
"429","6657","175"
"430","6657","5067"
"431","6657","26973"
"432","6657","51438"
"433","6657","79192"
"434","6657","9922"
"435","6657","64663"
"436","6657","7082"
"437","6657","55068"
"438","6657","1006"
"439","6657","8935"
"440","6657","221833"
"441","6657","58158"
"442","6657","7561"
"443","6657","9073"
"444","6657","54940"
"445","6657","6604"
"446","6657","127933"
"447","6657","116159"
"448","6657","84418"
"449","6657","25966"
"450","6657","6755"
"451","6657","5870"
"452","6657","3274"
"453","6657","11197"
"454","6657","4070"
"455","6657","7075"
"456","6657","8991"
"457","6657","4661"
"458","6657","3975"
"459","6657","245928"
"460","6657","3206"
"461","6657","23294"
"462","6657","23484"
"463","6657","2258"
"464","6657","54221"
"465","6657","80762"
"466","6657","128602"
"467","6657","154"
"468","6657","170463"
"469","6657","5034"
"470","6657","147906"
"471","6657","9252"
"472","6657","152815"
"473","6657","8884"
"474","6657","5828"
"475","6657","339221"
"476","6657","113277"
"477","6657","51062"
"478","6657","79845"
"479","6657","55754"
"480","6657","11217"
"481","6657","4193"
"482","6657","124454"
"483","6657","27131"
"484","6657","9659"
"485","6657","54915"
"486","6657","80205"
"487","6657","55915"
"488","6657","55743"
"489","6657","114880"
"490","6657","22897"
"491","6657","221468"
"492","6657","8492"
"493","6657","55607"
"494","6657","391059"
"495","6657","4041"
"496","6657","66037"
"497","6657","149685"
"498","6657","23144"
"499","6657","55821"
"500","6657","6129"
"501","6657","23670"
"502","6657","2909"
"503","6657","26574"
"504","6657","79739"
"505","6657","54927"
"506","6657","114781"
"507","6657","56341"
"508","6657","80333"
"509","6657","4697"
"510","6657","55187"
"511","6657","5728"
"512","6657","138241"
"513","6657","54875"
"514","6657","4009"
"515","6657","54810"
"516","6657","5090"
"517","6657","151651"
"518","6657","84216"
"519","6657","25890"
"520","6657","253017"
"521","6657","1946"
"522","6657","8537"
"523","6657","114134"
"524","6657","5793"
"525","6657","151188"
"526","6657","2894"
"527","6657","7227"
"528","6657","117583"
"529","6657","6095"
"530","6657","7582"
"531","6657","5890"
"532","6657","117154"
"533","6657","5797"
"534","6657","26033"
"535","6657","116841"
"536","6657","6091"
"537","6657","79731"
"538","6657","3486"
"539","6657","3751"
"540","6657","55286"
"541","6657","170063"
"542","6657","56603"
"543","6657","166614"
"544","6657","139324"
"545","6657","54510"
"546","6657","22847"
"547","6657","58499"
"548","6657","50805"
"549","6657","23266"
"550","6657","64321"
"551","6657","3176"
"552","6657","85453"
"553","6657","56892"
"554","6657","2903"
"555","6657","1641"
"556","6657","340554"
"557","6657","6397"
"558","6657","79799"
"559","6657","400661"
"560","6657","7048"
"561","6657","338"
"562","6657","9108"
"563","6657","6445"
"564","6657","55854"
"565","6657","283349"
"566","6657","85315"
"567","6657","4710"
"568","6657","113201"
"569","6657","92558"
"570","6657","55218"
"571","6657","4225"
"572","6657","442425"
"573","6657","57537"
"574","6657","51363"
"575","6657","57605"
"576","6657","5453"
"577","6657","27333"
"578","6657","196740"
"579","6657","30832"
"580","6657","10451"
"581","6657","3182"
"582","6657","334"
"583","6657","9601"
"584","6657","399474"
"585","6657","115426"
"586","6657","10000"
"587","6657","80380"
"588","6657","1368"
"589","6657","5899"
"590","6657","8600"
"591","6657","10625"
"592","6657","2290"
"593","6657","390154"
"594","6657","10057"
"595","6657","9640"
"596","6657","143458"
"597","6657","64218"
"598","6657","4045"
"599","6657","254783"
"600","6657","6494"
"601","6657","6935"
"602","6657","5354"
"603","6657","389766"
"604","6657","23510"
"605","6657","56901"
"606","6657","137492"
"607","6657","8527"
"608","6657","23365"
"609","6657","2937"
"610","6657","6398"
"611","6657","5606"
"612","6657","150290"
"613","6657","392391"
"614","6657","10857"
"615","6657","51729"
"616","6657","23386"
"617","6657","1877"
"618","6657","8165"
"619","6657","112398"
"620","6657","114881"
"621","6657","84444"
"622","6657","80125"
"623","6657","284521"
"624","6657","785"
"625","6657","91137"
"626","6657","4487"
"627","6657","996"
"628","6657","80148"
"629","6657","79698"
"630","6657","57468"
"631","6657","1528"
"632","6657","84814"
"633","6657","2908"
"634","6657","6530"
"635","6657","10735"
"636","6657","5738"
"637","6657","57586"
"638","6657","25928"
"639","6657","10694"
"640","6657","1806"
"641","6657","11315"
"642","6657","23192"
"643","6657","6482"
"644","6657","340277"
"645","6657","54892"
"646","6657","64761"
"647","6657","81559"
"648","6657","23729"
"649","6657","55753"
"650","6657","343641"
"651","6657","84905"
"652","6657","962"
"653","6657","10753"
"654","6657","356"
"655","6657","9265"
"656","6657","100188011"
"657","6657","4033"
"658","6657","10902"
"659","6657","164395"
"660","6657","151246"
"661","6657","221955"
"662","6657","89782"
"663","6657","23543"
"664","6657","658"
"665","6657","6729"
"666","6657","83540"
"667","6657","339834"
"668","6657","10580"
"669","6657","7037"
"670","6657","5602"
"671","6657","6314"
"672","6657","60312"
"673","6657","25"
"674","6657","216"
"675","6657","57188"
"676","6657","2192"
"677","6657","23432"
"678","6657","353345"
"679","6657","7782"
"680","6657","27255"
"681","6657","9101"
"682","6657","114780"
"683","6657","79101"
"684","6657","57047"
"685","6657","54472"
"686","6657","10783"
"687","6657","116984"
"688","6657","4583"
"689","6657","64794"
"690","6657","8604"
"691","6657","51241"
"692","6657","2171"
"693","6657","2120"
"694","6657","8932"
"695","6657","80206"
"696","6657","79026"
"697","6657","168667"
"698","6657","25949"
"699","6657","284695"
"700","6657","10049"
"701","6657","22895"
"702","6657","1956"
"703","6657","6575"
"704","6657","55140"
"705","6657","1288"
"706","6657","137868"
"707","6657","83478"
"708","6657","401357"
"709","6657","93035"
"710","6657","54477"
"711","6657","388815"
"712","6657","64388"
"713","6657","1387"
"714","6657","343450"
"715","6657","26579"
"716","6657","55160"
"717","6657","55742"
"718","6657","54476"
"719","6657","4644"
"720","6657","79971"
"721","6657","9980"
"722","6657","55252"
"723","6657","84083"
"724","6657","6239"
"725","6657","2060"
"726","6657","6850"
"727","6657","115294"
"728","6657","151126"
"729","6657","56479"
"730","6657","9882"
"731","6657","152137"
"732","6657","10486"
"733","6657","196527"
"734","6657","79772"
"735","6657","8491"
"736","6657","23348"
"737","6657","144811"
"738","6657","9955"
"739","6657","285237"
"740","6657","2590"
"741","6657","8110"
"742","6657","9759"
"743","6657","53336"
"744","6657","9534"
"745","6657","22854"
"746","6657","2255"
"747","6657","9568"
"748","6657","55603"
"749","6657","1896"
"750","6657","1002"
"751","6657","55789"
"752","6657","6594"
"753","6657","60625"
"754","6657","25817"
"755","6657","132321"
"756","6657","1804"
"757","6657","23236"
"758","6657","23261"
"759","6657","266722"
"760","6657","152330"
"761","6657","116"
"762","6657","9935"
"763","6657","51130"
"764","6657","5789"
"765","6657","26047"
"766","6657","283598"
"767","6657","253559"
"768","6657","51166"
"769","6657","2202"
"770","6657","78986"
"771","6657","4857"
"772","6657","346007"
"773","6657","6546"
"774","6657","5454"
"775","6657","2494"
"776","6657","6936"
"777","6657","23768"
"778","6657","23671"
"779","6657","9229"
"780","6657","165324"
"781","6657","10396"
"782","6657","48"
"783","6657","55074"
"784","6657","28513"
"785","6657","57507"
"786","6657","25819"
"787","6657","5713"
"788","6657","400934"
"789","6657","84871"
"790","6657","7852"
"791","6657","57645"
"792","6657","127018"
"793","6657","79953"
"794","6657","84189"
"795","6657","7143"
"796","6657","10477"
"797","6657","4685"
"798","6657","641928"
"799","6657","3490"
"800","6657","7057"
"801","6657","56945"
"802","6657","400932"
"803","6657","5803"
"804","6657","5358"
"805","6657","10886"
"806","6657","4618"
"807","6657","154881"
"808","6657","11166"
"809","6657","55089"
"810","6657","55857"
"811","6657","84870"
"812","6657","10913"
"813","6657","27164"
"814","6657","220929"
"815","6657","51375"
"816","6657","219578"
"817","6657","57214"
"818","6657","81848"
"819","6657","132001"
"820","6657","339896"
"821","6657","51244"
"822","6657","22796"
"823","6657","51000"
"824","6657","57829"
"825","6657","84920"
"826","6657","57824"
"827","6657","1743"
"828","6657","90381"
"829","6657","116987"
"830","6657","285513"
"831","6657","113251"
"832","6657","6894"
"833","6657","1105"
"834","6657","83636"
"835","6657","5048"
"836","6657","23480"
"837","6657","51719"
"838","6657","4293"
"839","6657","23255"
"840","6657","197021"
"841","6657","5142"
"842","6657","55536"
"843","6657","124857"
"844","6657","10480"
"845","6657","55199"
"846","6657","57589"
"847","6657","79017"
"848","6657","79811"
"849","6657","90853"
"850","6657","245929"
"851","6657","5540"
"852","6657","7592"
"853","6657","127665"
"854","6657","137902"
"855","6657","7003"
"856","6657","13"
"857","6657","3920"
"858","6657","10114"
"859","6657","7594"
"860","6657","56979"
"861","6657","138639"
"862","6657","2241"
"863","6657","8911"
"864","6657","11226"
"865","6657","1908"
"866","6657","117247"
"867","6657","2250"
"868","6657","6049"
"869","6657","3448"
"870","6657","9016"
"871","6657","166"
"872","6657","10008"
"873","6657","79019"
"874","6657","2049"
"875","6657","1847"
"876","6657","25987"
"877","6657","1591"
"878","6657","1495"
"879","6657","2172"
"880","6657","6712"
"881","6657","26740"
"882","6657","1827"
"883","6657","1800"
"884","6657","51322"
"885","6657","10272"
"886","6657","10149"
"887","6657","1811"
"888","6657","3934"
"889","6657","149041"
"890","6657","10507"
"891","6657","203430"
"892","6657","493"
"893","6657","943"
"894","6657","9829"
"895","6657","23081"
"896","6657","5365"
"897","6657","51702"
"898","6657","4869"
"899","6657","10880"
"900","6657","7783"
"901","6657","3790"
"902","6657","9478"
"903","6657","283254"
"904","6657","10534"
"905","6657","130733"
"906","6657","55890"
"907","6657","29116"
"908","6657","55040"
"909","6657","3854"
"910","6657","133688"
"911","6657","4825"
"912","6657","8507"
"913","6657","3760"
"914","6657","359948"
"915","6657","1417"
"916","6657","11194"
"917","6657","6137"
"918","6657","10019"
"919","6657","360203"
"920","6657","83642"
"921","6657","1114"
"922","6657","11343"
"923","6657","9100"
"924","6657","3742"
"925","6657","9467"
"926","6657","3174"
"927","6657","50837"
"928","6657","3294"
"929","6657","273"
"930","6657","55178"
"931","6657","114899"
"932","6657","10514"
"933","6657","341116"
"934","6657","81558"
"935","6657","2983"
"936","6657","9506"
"937","6657","387338"
"938","6657","23414"
"939","6657","399"
"940","6657","283383"
"941","6657","339175"
"942","6657","81857"
"943","6657","3150"
"944","6657","10923"
"945","6657","114569"
"946","6657","150696"
"947","6657","251"
"948","6657","56920"
"949","6657","200014"
"950","6657","2868"
"951","6657","8880"
"952","6657","81566"
"953","6657","64093"
"954","6657","149499"
"955","6657","6939"
"956","6657","147138"
"957","6657","9214"
"958","6657","128954"
"959","6657","28996"
"960","6657","59352"
"961","6657","26039"
"962","6657","162333"
"963","6657","80339"
"964","6657","94274"
"965","6657","9722"
"966","6657","3059"
"967","6657","254956"
"968","6657","51060"
"969","6657","51450"
"970","6657","84969"
"971","6657","6540"
"972","6657","11016"
"973","6657","1605"
"974","6657","10311"
"975","6657","9315"
"976","6657","84706"
"977","6657","27143"
"978","6657","9811"
"979","6657","8662"
"980","6657","149018"
"981","6657","50809"
"982","6657","57863"
"983","6657","256710"
"984","6657","695"
"985","6657","116985"
"986","6657","142"
"987","6657","5116"
"988","6657","55100"
"989","6657","57822"
"990","6657","23186"
"991","6657","283422"
"992","6657","9255"
"993","6657","163"
"994","6657","5816"
"995","6657","26512"
"996","6657","3918"
"997","6657","375519"
"998","6657","444"
"999","6657","10768"
"1000","6657","84626"
"1001","6657","23551"
"1002","6657","84229"
"1003","6657","64098"
"1004","6657","8312"
"1005","6657","23224"
"1006","6657","55717"
"1007","6657","7476"
"1008","6657","9069"
"1009","6657","25950"
"1010","6657","85444"
"1011","6657","23613"
"1012","6657","84650"
"1013","6657","57448"
"1014","6657","176"
"1015","6657","8807"
"1016","6657","2692"
"1017","6657","64764"
"1018","6657","5594"
"1019","6657","54097"
"1020","6657","5894"
"1021","6657","63892"
"1022","6657","2532"
"1023","6657","9543"
"1024","6657","84700"
"1025","6657","284058"
"1026","6657","85442"
"1027","6657","255180"
"1028","6657","55722"
"1029","6657","5638"
"1030","6657","64417"
"1031","6657","3069"
"1032","6657","11077"
"1033","6657","7371"
"1034","6657","23005"
"1035","6657","2690"
"1036","6657","79705"
"1037","6657","89884"
"1038","6657","368"
"1039","6657","203286"
"1040","6657","84433"
"1041","6657","221336"
"1042","6657","22868"
"1043","6657","23516"
"1044","6657","23633"
"1045","6657","284"
"1046","6657","148979"
"1047","6657","9500"
"1048","6657","84553"
"1049","6657","84795"
"1050","6657","57538"
"1051","6657","222008"
"1052","6657","9241"
"1053","6657","80310"
"1054","6657","55504"
"1055","6657","140699"
"1056","6657","7477"
"1057","6657","23305"
"1058","6657","2321"
"1059","6657","64786"
"1060","6657","91227"
"1061","6657","63923"
"1062","6657","6664"
"1063","6657","79020"
"1064","6657","440275"
"1065","6657","51201"
"1066","6657","83741"
"1067","6657","51520"
"1068","6657","266977"
"1069","6657","139135"
"1070","6657","9148"
"1071","6657","22862"
"1072","6657","402715"
"1073","6657","29843"
"1074","6657","57178"
"1075","6657","2139"
"1076","6657","81539"
"1077","6657","8626"
"1078","6657","85464"
"1079","6657","10484"
"1080","6657","8379"
"1081","6657","64418"
"1082","6657","57650"
"1083","6657","55971"
"1084","6657","55342"
"1085","6657","56704"
"1086","6657","3394"
"1087","6657","3752"
"1088","6657","23105"
"1089","6657","83699"
"1090","6657","221895"
"1091","6657","1756"
"1092","6657","64784"
"1093","6657","3293"
"1094","6657","9258"
"1095","6657","25814"
"1096","6657","4478"
"1097","6657","538"
"1098","6657","57494"
"1099","6657","3198"
"1100","6657","6240"
"1101","6657","64374"
"1102","6657","55164"
"1103","6657","55704"
"1104","6657","57282"
"1105","6657","64839"
"1106","6657","55589"
"1107","6657","7443"
"1108","6657","2297"
"1109","6657","54971"
"1110","6657","10129"
"1111","6657","23384"
"1112","6657","55351"
"1113","6657","4124"
"1114","6657","22887"
"1115","6657","140462"
"1116","6657","23316"
"1117","6657","1812"
"1118","6657","56172"
"1119","6657","55289"
"1120","6657","4915"
"1121","6657","55275"
"1122","6657","84570"
"1123","6657","22938"
"1124","6657","51557"
"1125","6657","2736"
"1126","6657","9953"
"1127","6657","253943"
"1128","6657","7386"
"1129","6657","5218"
"1130","6657","1496"
"1131","6657","60678"
"1132","6657","1826"
"1133","6657","5079"
"1134","6657","143471"
"1135","6657","55297"
"1136","6657","55105"
"1137","6657","3363"
"1138","6657","8633"
"1139","6657","8801"
"1140","6657","23040"
"1141","6657","10079"
"1142","6657","9542"
"1143","6657","25914"
"1144","6657","29887"
"1145","6657","4091"
"1146","6657","26052"
"1147","6657","399827"
"1148","6657","389136"
"1149","6657","64682"
"1150","6657","337876"
"1151","6657","9805"
"1152","6657","55024"
"1153","6657","2566"
"1154","6657","55734"
"1155","6657","3908"
"1156","6657","26280"
"1157","6657","6840"
"1158","6657","3784"
"1159","6657","135138"
"1160","6657","401172"
"1161","6657","54832"
"1162","6657","53335"
"1163","6657","64759"
"1164","6657","64901"
"1165","6657","84970"
"1166","6657","2122"
"1167","6657","8777"
"1168","6657","286053"
"1169","6657","114786"
"1170","6657","389741"
"1171","6657","10404"
"1172","6657","55500"
"1173","6657","1607"
"1174","6657","64072"
"1175","6657","27241"
"1176","6657","10539"
"1177","6657","255119"
"1178","6657","27010"
"1179","6657","145946"
"1180","6657","5071"
"1181","6657","2066"
"1182","6657","54462"
"1183","6657","4810"
"1184","6657","23216"
"1185","6657","124540"
"1186","6657","9223"
"1187","6657","57628"
"1188","6657","4146"
"1189","6657","6476"
"1190","6657","1879"
"1191","6657","84288"
"1192","6657","10561"
"1193","6657","10178"
"1194","6657","2918"
"1195","6657","2747"
"1196","6657","168090"
"1197","6657","84811"
"1198","6657","5271"
"1199","6657","51334"
"1200","6657","11124"
"1201","6657","9378"
"1202","6657","55816"
"1203","6657","5592"
"1204","6657","84059"
"1205","6657","54828"
"1206","6657","1010"
"1207","6657","58472"
"1208","6657","79783"
"1209","6657","6092"
"1210","6657","23469"
"1211","6657","26137"
"1212","6657","196074"
"1213","6657","442117"
"1214","6657","79750"
"1215","6657","1501"
"1216","6657","54148"
"1217","6657","29119"
"1218","6657","54715"
"1219","6657","114795"
"1220","6657","160335"
"1221","6657","1016"
"1222","6657","83943"
"1223","6657","50834"
"1224","6657","282974"
"1225","6657","90668"
"1226","6657","5783"
"1227","6657","5289"
"1228","6657","23284"
"1229","6657","92"
"1230","6657","254251"
"1231","6657","23242"
"1232","6657","11130"
"1233","6657","4121"
"1234","6657","84623"
"1235","6657","29091"
"1236","6657","55634"
"1237","6657","145581"
"1238","6657","900"
"1239","6657","55170"
"1240","6657","2806"
"1241","6657","7903"
"1242","6657","57626"
"1243","6657","91464"
"1244","6657","7025"
"1245","6657","254170"
"1246","6657","118427"
"1247","6657","401123"
"1248","6657","388289"
"1249","6657","53942"
"1250","6657","577"
"1251","6657","134728"
"1252","6657","55863"
"1253","6657","2890"
"1254","6657","56999"
"1255","6657","22882"
"1256","6657","79674"
"1257","6657","8829"
"1258","6657","2072"
"1259","6657","254827"
"1260","6657","185"
"1261","6657","2774"
"1262","6657","54928"
"1263","6657","902"
"1264","6657","4249"
"1265","6657","2709"
"1266","6657","4223"
"1267","6657","6263"
"1268","6657","4481"
"1269","6657","139170"
"1270","6657","339145"
"1271","6657","2042"
"1272","6657","10920"
"1273","6657","136259"
"1274","6657","10659"
"1275","6657","10512"
"1276","6657","94033"
"1277","6657","128553"
"1278","6657","92086"
"1279","6657","2346"
"1280","6657","55781"
"1281","6657","8767"
"1282","6657","55619"
"1283","6657","201501"
"1284","6657","8403"
"1285","6657","5644"
"1286","6657","4094"
"1287","6657","342357"
"1288","6657","400576"
"1289","6657","80765"
"1290","6657","5362"
"1291","6657","93986"
"1292","6657","57097"
"1293","6657","9312"
"1294","6657","8325"
"1295","6657","121227"
"1296","6657","491"
"1297","6657","5307"
"1298","6657","122525"
"1299","6657","90627"
"1300","6657","221692"
"1301","6657","2210"
"1302","6657","84539"
"1303","6657","55832"
"1304","6657","57458"
"1305","6657","10777"
"1306","6657","3156"
"1307","6657","858"
"1308","6657","10251"
"1309","6657","481"
"1310","6657","9743"
"1311","6657","118611"
"1312","6657","349565"
"1313","6657","4651"
"1314","6657","166968"
"1315","6657","84284"
"1316","6657","6916"
"1317","6657","8942"
"1318","6657","344758"
"1319","6657","2530"
"1320","6657","2917"
"1321","6657","11138"
"1322","6657","57689"
"1323","6657","2596"
"1324","6657","8170"
"1325","6657","54916"
"1326","6657","57692"
"1327","6657","26040"
"1328","6657","6641"
"1329","6657","26084"
"1330","6657","89853"
"1331","6657","25834"
"1332","6657","4026"
"1333","6657","84248"
"1334","6657","56975"
"1335","6657","253782"
"1336","6657","8675"
"1337","6657","5066"
"1338","6657","4052"
"1339","6657","139221"
"1340","6657","91653"
"1341","6657","10552"
"1342","6657","55534"
"1343","6657","23199"
"1344","6657","79884"
"1345","6657","4885"
"1346","6657","213"
"1347","6657","5000"
"1348","6657","23429"
"1349","6657","98"
"1350","6657","57690"
"1351","6657","2117"
"1352","6657","11157"
"1353","6657","283982"
"1354","6657","7145"
"1355","6657","3313"
"1356","6657","55296"
"1357","6657","497048"
"1358","6657","1525"
"1359","6657","83937"
"1360","6657","114299"
"1361","6657","26240"
"1362","6657","6335"
"1363","6657","147381"
"1364","6657","950"
"1365","6657","50807"
"1366","6657","130399"
"1367","6657","6754"
"1368","6657","64399"
"1369","6657","55855"
"1370","6657","2615"
"1371","6657","6513"
"1372","6657","594857"
"1373","6657","87"
"1374","6657","9901"
"1375","6657","3135"
"1376","6657","1103"
"1377","6657","84262"
"1378","6657","57623"
"1379","6657","10231"
"1380","6657","57018"
"1381","6657","7163"
"1382","6657","1395"
"1383","6657","27185"
"1384","6657","149950"
"1385","6657","2835"
"1386","6657","401296"
"1387","6657","56154"
"1388","6657","9858"
"1389","6657","11193"
"1390","6657","51056"
"1391","6657","55748"
"1392","6657","51367"
"1393","6657","7010"
"1394","6657","81839"
"1395","6657","8660"
"1396","6657","441177"
"1397","6657","57169"
"1398","6657","145781"
"1399","6657","8539"
"1400","6657","80168"
"1401","6657","960"
"1402","6657","339476"
"1403","6657","23237"
"1404","6657","55249"
"1405","6657","84465"
"1406","6657","221662"
"1407","6657","9436"
"1408","6657","10260"
"1409","6657","7107"
"1410","6657","27125"
"1411","6657","83449"
"1412","6657","1992"
"1413","6657","139065"
"1414","6657","10165"
"1415","6657","10487"
"1416","6657","6332"
"1417","6657","222236"
"1418","6657","27033"
"1419","6657","55153"
"1420","6657","64327"
"1421","6657","5292"
"1422","6657","54542"
"1423","6657","2803"
"1424","6657","7159"
"1425","6657","382"
"1426","6657","9762"
"1427","6657","7980"
"1428","6657","2356"
"1429","6657","9294"
"1430","6657","3845"
"1431","6657","6529"
"1432","6657","153443"
"1433","6657","353144"
"1434","6657","8776"
"1435","6657","10140"
"1436","6657","823"
"1437","6657","54887"
"1438","6657","23673"
"1439","6657","7111"
"1440","6657","81846"
"1441","6657","7314"
"1442","6657","7373"
"1443","6657","23788"
"1444","6657","7104"
"1445","6657","9570"
"1446","6657","55930"
"1447","6657","2687"
"1448","6657","56164"
"1449","6657","401209"
"1450","6657","10788"
"1451","6657","11096"
"1452","6657","1278"
"1453","6657","28231"
"1454","6657","147409"
"1455","6657","326"
"1456","6657","10526"
"1457","6657","10050"
"1458","6657","9341"
"1459","6657","9950"
"1460","6657","9487"
"1461","6657","26205"
"1462","6657","4332"
"1463","6657","124274"
"1464","6657","23563"
"1465","6657","246243"
"1466","6657","56751"
"1467","6657","6834"
"1468","6657","3770"
"1469","6657","10152"
"1470","6657","29851"
"1471","6657","23774"
"1472","6657","11068"
"1473","6657","83897"
"1474","6657","146"
"1475","6657","340665"
"1476","6657","9491"
"1477","6657","114900"
"1478","6657","3985"
"1479","6657","373156"
"1480","6657","127294"
"1481","6657","84940"
"1482","6657","8608"
"1483","6657","11262"
"1484","6657","11309"
"1485","6657","7850"
"1486","6657","4064"
"1487","6657","3141"
"1488","6657","1003"
"1489","6657","2639"
"1490","6657","22908"
"1491","6657","25818"
"1492","6657","11345"
"1493","6657","1736"
"1494","6657","79716"
"1495","6657","8340"
"1496","6657","23424"
"1497","6657","84340"
"1498","6657","8717"
"1499","6657","283600"
"1500","6657","170689"
"1501","6657","340168"
"1502","6657","5553"
"1503","6657","89870"
"1504","6657","5509"
"1505","6657","339942"
"1506","6657","1687"
"1507","6657","131669"
"1508","6657","4879"
"1509","6657","56134"
"1510","6657","5922"
"1511","6657","2318"
"1512","6657","6122"
"1513","6657","7083"
"1514","6657","80727"
"1515","6657","5480"
"1516","6657","9777"
"1517","6657","149297"
"1518","6657","8774"
"1519","6657","80746"
"1520","6657","23001"
"1521","6657","574"
"1522","6657","25879"
"1523","6657","26224"
"1524","6657","127579"
"1525","6657","221477"
"1526","6657","3301"
"1527","6657","3284"
"1528","6657","6832"
"1529","6657","112885"
"1530","6657","1788"
"1531","6657","10144"
"1532","6657","23524"
"1533","6657","116093"
"1534","6657","63935"
"1535","6657","9679"
"1536","6657","84676"
"1537","6657","219844"
"1538","6657","10446"
"1539","6657","9213"
"1540","6657","8288"
"1541","6657","23385"
"1542","6657","84247"
"1543","6657","257101"
"1544","6657","6281"
"1545","6657","388882"
"1546","6657","2036"
"1547","6657","23616"
"1548","6657","58480"
"1549","6657","55959"
"1550","6657","8725"
"1551","6657","10746"
"1552","6657","5837"
"1553","6657","10482"
"1554","6657","57591"
"1555","6657","222546"
"1556","6657","3554"
"1557","6657","9823"
"1558","6657","57563"
"1559","6657","23353"
"1560","6657","148823"
"1561","6657","85320"
"1562","6657","10950"
"1563","6657","10015"
"1564","6657","4668"
"1565","6657","125061"
"1566","6657","10200"
"1567","6657","2791"
"1568","6657","192666"
"1569","6657","7030"
"1570","6657","3607"
"1571","6657","26231"
"1572","6657","1717"
"1573","6657","4751"
"1574","6657","80705"
"1575","6657","27069"
"1576","6657","3998"
"1577","6657","10319"
"1578","6657","7701"
"1579","6657","55076"
"1580","6657","132671"
"1581","6657","956"
"1582","6657","3688"
"1583","6657","81607"
"1584","6657","2891"
"1585","6657","6627"
"1586","6657","4043"
"1587","6657","10443"
"1588","6657","25927"
"1589","6657","128229"
"1590","6657","51200"
"1591","6657","261726"
"1592","6657","10163"
"1593","6657","161291"
"1594","6657","7182"
"1595","6657","49854"
"1596","6657","6620"
"1597","6657","8828"
"1598","6657","58495"
"1599","6657","56203"
"1600","6657","81543"
"1601","6657","129807"
"1602","6657","255738"
"1603","6657","51184"
"1604","6657","6717"
"1605","6657","339855"
"1606","6657","10578"
"1607","6657","25894"
"1608","6657","50674"
"1609","6657","1611"
"1610","6657","473"
"1611","6657","83693"
"1612","6657","51111"
"1613","6657","55437"
"1614","6657","58477"
"1615","6657","159195"
"1616","6657","7307"
"1617","6657","140"
"1618","6657","6716"
"1619","6657","11078"
"1620","6657","726"
"1621","6657","22838"
"1622","6657","56943"
"1623","6657","51646"
"1624","6657","29093"
"1625","6657","84067"
"1626","6657","5611"
"1627","6657","57642"
"1628","6657","5251"
"1629","6657","9537"
"1630","6657","89876"
"1631","6657","22798"
"1632","6657","79763"
"1633","6657","4956"
"1634","6657","84902"
"1635","6657","5268"
"1636","6657","114793"
"1637","6657","2203"
"1638","6657","23595"
"1639","6657","57508"
"1640","6657","6711"
"1641","6657","80351"
"1642","6657","55576"
"1643","6657","10141"
"1644","6657","6376"
"1645","6657","54361"
"1646","6657","63974"
"1647","6657","9138"
"1648","6657","5426"
"1649","6657","51512"
"1650","6657","5800"
"1651","6657","23536"
"1652","6657","221302"
"1653","6657","83475"
"1654","6657","3151"
"1655","6657","598"
"1656","6657","27230"
"1657","6657","9466"
"1658","6657","2963"
"1659","6657","57535"
"1660","6657","3798"
"1661","6657","11095"
"1662","6657","9969"
"1663","6657","23247"
"1664","6657","7458"
"1665","6657","55631"
"1666","6657","8702"
"1667","6657","339488"
"1668","6657","55972"
"1669","6657","80725"
"1670","6657","478"
"1671","6657","10357"
"1672","6657","9497"
"1673","6657","7268"
"1674","6657","22949"
"1675","6657","25771"
"1676","6657","55315"
"1677","6657","624"
"1678","6657","6170"
"1679","6657","92400"
"1680","6657","22885"
"1681","6657","53346"
"1682","6657","10392"
"1683","6657","57488"
"1684","6657","440072"
"1685","6657","9563"
"1686","6657","55308"
"1687","6657","353238"
"1688","6657","222171"
"1689","6657","5138"
"1690","6657","253769"
"1691","6657","54549"
"1692","6657","54550"
"1693","6657","91010"
"1694","6657","10283"
"1695","6657","64747"
"1696","6657","10439"
"1697","6657","355"
"1698","6657","10603"
"1699","6657","63910"
"1700","6657","84501"
"1701","6657","92906"
"1702","6657","127733"
"1703","6657","1807"
"1704","6657","10813"
"1705","6657","79031"
"1706","6657","23187"
"1707","6657","9231"
"1708","6657","124245"
"1709","6657","55647"
"1710","6657","284254"
"1711","6657","130916"
"1712","6657","10389"
"1713","6657","59284"
"1714","6657","378884"
"1715","6657","79815"
"1716","6657","64081"
"1717","6657","92399"
"1718","6657","7265"
"1719","6657","8139"
"1720","6657","9669"
"1721","6657","324"
"1722","6657","285343"
"1723","6657","56670"
"1724","6657","118"
"1725","6657","23683"
"1726","6657","23321"
"1727","6657","9441"
"1728","6657","10128"
"1729","6657","5317"
"1730","6657","117177"
"1731","6657","10454"
"1732","6657","23258"
"1733","6657","10268"
"1734","6657","56953"
"1735","6657","948"
"1736","6657","10588"
"1737","6657","27128"
"1738","6657","401431"
"1739","6657","55259"
"1740","6657","55787"
"1741","6657","10395"
"1742","6657","54777"
"1743","6657","6484"
"1744","6657","219333"
"1745","6657","284040"
"1746","6657","4756"
"1747","6657","51458"
"1748","6657","23762"
"1749","6657","1838"
"1750","6657","116496"
"1751","6657","10368"
"1752","6657","23373"
"1753","6657","9218"
"1754","6657","6566"
"1755","6657","54898"
"1756","6657","84451"
"1757","6657","135228"
"1758","6657","23503"
"1759","6657","6340"
"1760","6657","57528"
"1761","6657","55553"
"1762","6657","23197"
"1763","6657","50640"
"1764","6657","400863"
"1765","6657","89797"
"1766","6657","6331"
"1767","6657","7514"
"1768","6657","10461"
"1769","6657","200162"
"1770","6657","4215"
"1771","6657","2515"
"1772","6657","2775"
"1773","6657","54205"
"1774","6657","9217"
"1775","6657","85313"
"1776","6657","9672"
"1777","6657","29994"
"1778","6657","150"
"1779","6657","400454"
"1780","6657","29929"
"1781","6657","79895"
"1782","6657","2199"
"1783","6657","55666"
"1784","6657","22834"
"1785","6657","83752"
"1786","6657","3705"
"1787","6657","80778"
"1788","6657","7023"
"1789","6657","85439"
"1790","6657","23295"
"1791","6657","91057"
"1792","6657","11332"
"1793","6657","22913"
"1794","6657","84966"
"1795","6657","50810"
"1796","6657","57038"
"1797","6657","339010"
"1798","6657","162282"
"1799","6657","246269"
"1800","6657","57678"
"1801","6657","1488"
"1802","6657","2289"
"1803","6657","6846"
"1804","6657","56155"
"1805","6657","81570"
"1806","6657","154664"
"1807","6657","79642"
"1808","6657","1289"
"1809","6657","129787"
"1810","6657","6812"
"1811","6657","8313"
"1812","6657","387569"
"1813","6657","164832"
"1814","6657","440131"
"1815","6657","246175"
"1816","6657","59347"
"1817","6657","2768"
"1818","6657","29842"
"1819","6657","3915"
"1820","6657","11142"
"1821","6657","56946"
"1822","6657","56171"
"1823","6657","5604"
"1824","6657","9182"
"1825","6657","340533"
"1826","6657","109"
"1827","6657","29945"
"1828","6657","23274"
"1829","6657","1129"
"1830","6657","26269"
"1831","6657","2317"
"1832","6657","509"
"1833","6657","146845"
"1834","6657","10463"
"1835","6657","10771"
"1836","6657","10979"
"1837","6657","5862"
"1838","6657","29104"
"1839","6657","90550"
"1840","6657","8736"
"1841","6657","201134"
"1842","6657","29072"
"1843","6657","54453"
"1844","6657","7516"
"1845","6657","2048"
"1846","6657","392255"
"1847","6657","3097"
"1848","6657","58508"
"1849","6657","4137"
"1850","6657","57695"
"1851","6657","56899"
"1852","6657","54602"
"1853","6657","22898"
"1854","6657","163882"
"1855","6657","284001"
"1856","6657","50618"
"1857","6657","5188"
"1858","6657","8622"
"1859","6657","283518"
"1860","6657","221061"
"1861","6657","9455"
"1862","6657","5954"
"1863","6657","59350"
"1864","6657","115265"
"1865","6657","23196"
"1866","6657","113263"
"1867","6657","25791"
"1868","6657","1456"
"1869","6657","9681"
"1870","6657","92291"
"1871","6657","219771"
"1872","6657","96459"
"1873","6657","6507"
"1874","6657","8787"
"1875","6657","5578"
"1876","6657","3782"
"1877","6657","80856"
"1878","6657","10150"
"1879","6657","640"
"1880","6657","4163"
"1881","6657","3350"
"1882","6657","9760"
"1883","6657","8028"
"1884","6657","29922"
"1885","6657","158135"
"1886","6657","9645"
"1887","6657","160419"
"1888","6657","55970"
"1889","6657","57118"
"1890","6657","9846"
"1891","6657","9844"
"1892","6657","285600"
"1893","6657","7204"
"1894","6657","123016"
"1895","6657","53353"
"1896","6657","7021"
"1897","6657","340481"
"1898","6657","56776"
"1899","6657","80258"
"1900","6657","10611"
"1901","6657","63951"
"1902","6657","90025"
"1903","6657","4638"
"1904","6657","84033"
"1905","6657","161436"
"1906","6657","285605"
"1907","6657","401039"
"1908","6657","80319"
"1909","6657","84561"
"1910","6657","10867"
"1911","6657","2309"
"1912","6657","546"
"1913","6657","6786"
"1914","6657","10274"
"1915","6657","9501"
"1916","6657","55809"
"1917","6657","23362"
"1918","6657","10393"
"1919","6657","6451"
"1920","6657","124359"
"1921","6657","255928"
"1922","6657","261734"
"1923","6657","23114"
"1924","6657","84909"
"1925","6657","81832"
"1926","6657","3096"
"1927","6657","150160"
"1928","6657","23332"
"1929","6657","341359"
"1930","6657","116931"
"1931","6657","51761"
"1932","6657","55784"
"1933","6657","26272"
"1934","6657","3600"
"1935","6657","1630"
"1936","6657","57620"
"1937","6657","753"
"1938","6657","55103"
"1939","6657","23355"
"1940","6657","30010"
"1941","6657","23175"
"1942","6657","10631"
"1943","6657","223117"
"1944","6657","205428"
"1945","6657","79791"
"1946","6657","168507"
"1947","6657","2104"
"1948","6657","57568"
"1949","6657","8667"
"1950","6657","56169"
"1951","6657","51397"
"1952","6657","51319"
"1953","6657","9442"
"1954","6657","374868"
"1955","6657","57616"
"1956","6657","1600"
"1957","6657","79668"
"1958","6657","2131"
"1959","6657","27347"
"1960","6657","391712"
"1961","6657","2334"
"1962","6657","9732"
"1963","6657","23245"
"1964","6657","2262"
"1965","6657","64778"
"1966","6657","11086"
"1967","6657","149111"
"1968","6657","93664"
"1969","6657","57143"
"1970","6657","10253"
"1971","6657","55628"
"1972","6657","6695"
"1973","6657","3709"
"1974","6657","79839"
"1975","6657","5558"
"1976","6657","92017"
"1977","6657","27123"
"1978","6657","349334"
"1979","6657","4642"
"1980","6657","441425"
"1981","6657","64848"
"1982","6657","51669"
"1983","6657","114805"
"1984","6657","339789"
"1985","6657","158038"
"1986","6657","10085"
"1987","6657","3667"
"1988","6657","284757"
"1989","6657","1635"
"1990","6657","91584"
"1991","6657","5161"
"1992","6657","7247"
"1993","6657","6262"
"1994","6657","4781"
"1995","6657","1008"
"1996","6657","4552"
"1997","6657","64326"
"1998","6657","1413"
"1999","6657","10891"
"2000","6657","1060"
"2001","6657","6508"
"2002","6657","2565"
"2003","6657","22871"
"2004","6657","5099"
"2005","6657","9194"
"2006","6657","60412"
"2007","6657","10076"
"2008","6657","151760"
"2009","6657","238"
"2010","6657","64754"
"2011","6657","2587"
"2012","6657","55799"
"2013","6657","5799"
"2014","6657","152404"
"2015","6657","10718"
"2016","6657","10320"
"2017","6657","64499"
"2018","6657","81553"
"2019","6657","340441"
"2020","6657","56145"
"2021","6657","390442"
"2022","6657","54852"
"2023","6657","55120"
"2024","6657","27152"
"2025","6657","8573"
"2026","6657","3358"
"2027","6657","2632"
"2028","6657","139741"
"2029","6657","65217"
"2030","6657","57172"
"2031","6657","5214"
"2032","6657","64089"
"2033","6657","5087"
"2034","6657","63982"
"2035","6657","641384"
"2036","6657","862"
"2037","6657","151354"
"2038","6657","11278"
"2039","6657","57554"
"2040","6657","283093"
"2041","6657","27087"
"2042","6657","7444"
"2043","6657","202559"
"2044","6657","114798"
"2045","6657","5455"
"2046","6657","26575"
"2047","6657","28951"
"2048","6657","26053"
"2049","6657","259282"
"2050","6657","132864"
"2051","6657","1539"
"2052","6657","84692"
"2053","6657","440153"
"2054","6657","63895"
"2055","6657","8821"
"2056","6657","4082"
"2057","6657","1634"
"2058","6657","6197"
"2059","6657","868"
"2060","6657","11227"
"2061","6657","83594"
"2062","6657","5420"
"2063","6657","84640"
"2064","6657","100286963"
"2065","6657","91752"
"2066","6657","7306"
"2067","6657","108"
"2068","6657","5359"
"2069","6657","1131"
"2070","6657","7026"
"2071","6657","2913"
"2072","6657","90134"
"2073","6657","182"
"2074","6657","130120"
"2075","6657","132720"
"2076","6657","6857"
"2077","6657","55711"
"2078","6657","23200"
"2079","6657","79827"
"2080","6657","256764"
"2081","6657","3516"
"2082","6657","6164"
"2083","6657","54329"
"2084","6657","9348"
"2085","6657","26018"
"2086","6657","11075"
"2087","6657","136319"
"2088","6657","5126"
"2089","6657","134957"
"2090","6657","5858"
"2091","6657","23742"
"2092","6657","57186"
"2093","6657","5734"
"2094","6657","55777"
"2095","6657","157638"
"2096","6657","56913"
"2097","6657","79258"
"2098","6657","11249"
"2099","6657","3593"
"2100","6657","653145"
"2101","6657","139322"
"2102","6657","150677"
"2103","6657","55320"
"2104","6657","10099"
"2105","6657","4212"
"2106","6657","2274"
"2107","6657","57167"
"2108","6657","27031"
"2109","6657","1030"
"2110","6657","203228"
"2111","6657","64111"
"2112","6657","10568"
"2113","6657","4100"
"2114","6657","80139"
"2115","6657","10370"
"2116","6657","2778"
"2117","6657","22866"
"2118","6657","3398"
"2119","6657","1441"
"2120","6657","400867"
"2121","6657","283652"
"2122","6657","27199"
"2123","6657","10100"
"2124","6657","60526"
"2125","6657","26960"
"2126","6657","1352"
"2127","6657","11052"
"2128","6657","65981"
"2129","6657","2981"
"2130","6657","23390"
"2131","6657","4507"
"2132","6657","27332"
"2133","6657","5867"
"2134","6657","56937"
"2135","6657","140578"
"2136","6657","4139"
"2137","6657","148641"
"2138","6657","23504"
"2139","6657","23760"
"2140","6657","6573"
"2141","6657","80232"
"2142","6657","10971"
"2143","6657","5150"
"2144","6657","1823"
"2145","6657","63027"
"2146","6657","22953"
"2147","6657","126969"
"2148","6657","11254"
"2149","6657","219527"
"2150","6657","3716"
"2151","6657","8940"
"2152","6657","5997"
"2153","6657","284186"
"2154","6657","1465"
"2155","6657","51162"
"2156","6657","23462"
"2157","6657","56890"
"2158","6657","6542"
"2159","6657","26122"
"2160","6657","90249"
"2161","6657","171483"
"2162","6657","51429"
"2163","6657","1740"
"2164","6657","4004"
"2165","6657","4155"
"2166","6657","4086"
"2167","6657","6493"
"2168","6657","79981"
"2169","6657","63948"
"2170","6657","2248"
"2171","6657","6616"
"2172","6657","8632"
"2173","6657","54816"
"2174","6657","57148"
"2175","6657","116154"
"2176","6657","29967"
"2177","6657","79370"
"2178","6657","637"
"2179","6657","164284"
"2180","6657","401265"
"2181","6657","3131"
"2182","6657","7579"
"2183","6657","57144"
"2184","6657","127247"
"2185","6657","29079"
"2186","6657","140688"
"2187","6657","55030"
"2188","6657","10400"
"2189","6657","81050"
"2190","6657","255349"
"2191","6657","2196"
"2192","6657","57512"
"2193","6657","7840"
"2194","6657","800"
"2195","6657","5209"
"2196","6657","758"
"2197","6657","84938"
"2198","6657","84466"
"2199","6657","9685"
"2200","6657","8471"
"2201","6657","151516"
"2202","6657","25878"
"2203","6657","9334"
"2204","6657","10687"
"2205","6657","57658"
"2206","6657","83891"
"2207","6657","374918"
"2208","6657","11341"
"2209","6657","140545"
"2210","6657","3241"
"2211","6657","1612"
"2212","6657","219"
"2213","6657","390142"
"2214","6657","219699"
"2215","6657","1793"
"2216","6657","157680"
"2217","6657","57580"
"2218","6657","3269"
"2219","6657","8844"
"2220","6657","91272"
"2221","6657","4102"
"2222","6657","11055"
"2223","6657","222389"
"2224","6657","10171"
"2225","6657","93034"
"2226","6657","10472"
"2227","6657","30844"
"2228","6657","10814"
"2229","6657","54880"
"2230","6657","55667"
"2231","6657","3638"
"2232","6657","26339"
"2233","6657","10402"
"2234","6657","963"
"2235","6657","79183"
"2236","6657","80055"
"2237","6657","388403"
"2238","6657","113444"
"2239","6657","1852"
"2240","6657","401994"
"2241","6657","6733"
"2242","6657","1638"
"2243","6657","81697"
"2244","6657","337972"
"2245","6657","4322"
"2246","6657","9169"
"2247","6657","390083"
"2248","6657","64579"
"2249","6657","56853"
"2250","6657","81618"
"2251","6657","64110"
"2252","6657","23408"
"2253","6657","608"
"2254","6657","9750"
"2255","6657","81501"
"2256","6657","4632"
"2257","6657","79789"
"2258","6657","4057"
"2259","6657","348094"
"2260","6657","92703"
"2261","6657","25884"
"2262","6657","79809"
"2263","6657","1783"
"2264","6657","128821"
"2265","6657","26251"
"2266","6657","6926"
"2267","6657","2998"
"2268","6657","65986"
"2269","6657","4908"
"2270","6657","286753"
"2271","6657","5336"
"2272","6657","390664"
"2273","6657","4884"
"2274","6657","57153"
"2275","6657","22880"
"2276","6657","145270"
"2277","6657","64978"
"2278","6657","987"
"2279","6657","51393"
"2280","6657","401472"
"2281","6657","57579"
"2282","6657","22837"
"2283","6657","8520"
"2284","6657","7275"
"2285","6657","84899"
"2286","6657","9228"
"2287","6657","921"
"2288","6657","7982"
"2289","6657","6469"
"2290","6657","79710"
"2291","6657","138724"
"2292","6657","64921"
"2293","6657","22934"
"2294","6657","55031"
"2295","6657","29785"
"2296","6657","6521"
"2297","6657","1233"
"2298","6657","5880"
"2299","6657","148789"
"2300","6657","5465"
"2301","6657","256691"
"2302","6657","11105"
"2303","6657","6512"
"2304","6657","6913"
"2305","6657","50865"
"2306","6657","10120"
"2307","6657","121551"
"2308","6657","6326"
"2309","6657","51703"
"2310","6657","222194"
"2311","6657","57826"
"2312","6657","394"
"2313","6657","219402"
"2314","6657","140628"
"2315","6657","23619"
"2316","6657","90693"
"2317","6657","7039"
"2318","6657","939"
"2319","6657","1582"
"2320","6657","9644"
"2321","6657","164656"
"2322","6657","64127"
"2323","6657","23161"
"2324","6657","25809"
"2325","6657","26058"
"2326","6657","4610"
"2327","6657","51776"
"2328","6657","5184"
"2329","6657","22844"
"2330","6657","63970"
"2331","6657","26188"
"2332","6657","388121"
"2333","6657","4502"
"2334","6657","11013"
"2335","6657","5601"
"2336","6657","27153"
"2337","6657","440200"
"2338","6657","4613"
"2339","6657","29968"
"2340","6657","6456"
"2341","6657","55146"
"2342","6657","135295"
"2343","6657","55520"
"2344","6657","51297"
"2345","6657","3792"
"2346","6657","10485"
"2347","6657","196743"
"2348","6657","203076"
"2349","6657","83468"
"2350","6657","85329"
"2351","6657","332"
"2352","6657","54331"
"2353","6657","768"
"2354","6657","97"
"2355","6657","4986"
"2356","6657","7262"
"2357","6657","10527"
"2358","6657","57048"
"2359","6657","4900"
"2360","6657","115584"
"2361","6657","55317"
"2362","6657","114987"
"2363","6657","5802"
"2364","6657","3892"
"2365","6657","64645"
"2366","6657","57648"
"2367","6657","5160"
"2368","6657","63905"
"2369","6657","80233"
"2370","6657","127435"
"2371","6657","60488"
"2372","6657","124056"
"2373","6657","53826"
"2374","6657","23752"
"2375","6657","54518"
"2376","6657","51617"
"2377","6657","85366"
"2378","6657","5496"
"2379","6657","80003"
"2380","6657","3914"
"2381","6657","127002"
"2382","6657","5913"
"2383","6657","158358"
"2384","6657","123263"
"2385","6657","2326"
"2386","6657","7447"
"2387","6657","133746"
"2388","6657","211"
"2389","6657","5691"
"2390","6657","4725"
"2391","6657","84648"
"2392","6657","56606"
"2393","6657","284129"
"2394","6657","2280"
"2395","6657","26355"
"2396","6657","402381"
"2397","6657","9947"
"2398","6657","360200"
"2399","6657","57410"
"2400","6657","479"
"2401","6657","286023"
"2402","6657","147339"
"2403","6657","90580"
"2404","6657","2592"
"2405","6657","246184"
"2406","6657","84074"
"2407","6657","387923"
"2408","6657","187"
"2409","6657","55352"
"2410","6657","132243"
"2411","6657","152687"
"2412","6657","80223"
"2413","6657","162514"
"2414","6657","117159"
"2415","6657","80179"
"2416","6657","1036"
"2417","6657","339327"
"2418","6657","284680"
"2419","6657","387755"
"2420","6657","4715"
"2421","6657","23559"
"2422","6657","221908"
"2423","6657","84950"
"2424","6657","6776"
"2425","6657","5634"
"2426","6657","23542"
"2427","6657","57654"
"2428","6657","55657"
"2429","6657","401"
"2430","6657","79145"
"2431","6657","55670"
"2432","6657","5869"
"2433","6657","4122"
"2434","6657","6101"
"2435","6657","55968"
"2436","6657","9718"
"2437","6657","79184"
"2438","6657","10811"
"2439","6657","27092"
"2440","6657","10044"
"2441","6657","641"
"2442","6657","65989"
"2443","6657","6905"
"2444","6657","991"
"2445","6657","1106"
"2446","6657","56165"
"2447","6657","1108"
"2448","6657","50861"
"2449","6657","53407"
"2450","6657","689"
"2451","6657","6300"
"2452","6657","152273"
"2453","6657","337882"
"2454","6657","121457"
"2455","6657","284424"
"2456","6657","57057"
"2457","6657","85409"
"2458","6657","126129"
"2459","6657","63915"
"2460","6657","1522"
"2461","6657","51493"
"2462","6657","7716"
"2463","6657","6608"
"2464","6657","55295"
"2465","6657","54534"
"2466","6657","5641"
"2467","6657","6464"
"2468","6657","79080"
"2469","6657","396"
"2470","6657","390093"
"2471","6657","26022"
"2472","6657","5609"
"2473","6657","26086"
"2474","6657","55282"
"2475","6657","51647"
"2476","6657","374454"
"2477","6657","9649"
"2478","6657","7485"
"2479","6657","149461"
"2480","6657","51773"
"2481","6657","113691"
"2482","6657","57222"
"2483","6657","23303"
"2484","6657","55223"
"2485","6657","54207"
"2486","6657","54732"
"2487","6657","27229"
"2488","6657","4707"
"2489","6657","1017"
"2490","6657","113622"
"2491","6657","10887"
"2492","6657","3712"
"2493","6657","146225"
"2494","6657","140679"
"2495","6657","7809"
"2496","6657","22890"
"2497","6657","2583"
"2498","6657","9962"
"2499","6657","8995"
"2500","6657","30815"
"2501","6657","29923"
"2502","6657","10111"
"2503","6657","10577"
"2504","6657","10262"
"2505","6657","64781"
"2506","6657","23203"
"2507","6657","4985"
"2508","6657","59335"
"2509","6657","165257"
"2510","6657","10077"
"2511","6657","84874"
"2512","6657","6560"
"2513","6657","2114"
"2514","6657","2589"
"2515","6657","8643"
"2516","6657","10699"
"2517","6657","4199"
"2518","6657","84441"
"2519","6657","7263"
"2520","6657","55032"
"2521","6657","147323"
"2522","6657","1285"
"2523","6657","55023"
"2524","6657","57379"
"2525","6657","2242"
"2526","6657","221785"
"2527","6657","1116"
"2528","6657","50940"
"2529","6657","1945"
"2530","6657","26333"
"2531","6657","127343"
"2532","6657","9874"
"2533","6657","2009"
"2534","6657","10474"
"2535","6657","57611"
"2536","6657","8710"
"2537","6657","11107"
"2538","6657","122481"
"2539","6657","9172"
"2540","6657","26259"
"2541","6657","49856"
"2542","6657","7135"
"2543","6657","56902"
"2544","6657","400746"
"2545","6657","3281"
"2546","6657","427"
"2547","6657","94097"
"2548","6657","23371"
"2549","6657","8089"
"2550","6657","10236"
"2551","6657","7156"
"2552","6657","2912"
"2553","6657","54918"
"2554","6657","390144"
"2555","6657","11185"
"2556","6657","925"
"2557","6657","6439"
"2558","6657","150094"
"2559","6657","51614"
"2560","6657","23530"
"2561","6657","3416"
"2562","6657","51015"
"2563","6657","199731"
"2564","6657","25886"
"2565","6657","4109"
"2566","6657","8085"
"2567","6657","55370"
"2568","6657","1232"
"2569","6657","6940"
"2570","6657","10841"
"2571","6657","148398"
"2572","6657","50854"
"2573","6657","126248"
"2574","6657","60561"
"2575","6657","79955"
"2576","6657","2760"
"2577","6657","79893"
"2578","6657","349667"
"2579","6657","23265"
"2580","6657","55615"
"2581","6657","25893"
"2582","6657","3710"
"2583","6657","56897"
"2584","6657","399814"
"2585","6657","5364"
"2586","6657","9133"
"2587","6657","393"
"2588","6657","3757"
"2589","6657","91624"
"2590","6657","3133"
"2591","6657","133522"
"2592","6657","11132"
"2593","6657","1158"
"2594","6657","63932"
"2595","6657","9627"
"2596","6657","6238"
"2597","6657","57007"
"2598","6657","9797"
"2599","6657","54965"
"2600","6657","50852"
"2601","6657","1907"
"2602","6657","23137"
"2603","6657","2016"
"2604","6657","10749"
"2605","6657","285464"
"2606","6657","8574"
"2607","6657","9754"
"2608","6657","2020"
"2609","6657","9908"
"2610","6657","85019"
"2611","6657","5833"
"2612","6657","4724"
"2613","6657","6730"
"2614","6657","3785"
"2615","6657","9967"
"2616","6657","51020"
"2617","6657","2801"
"2618","6657","57198"
"2619","6657","9262"
"2620","6657","55127"
"2621","6657","7572"
"2622","6657","11145"
"2623","6657","22818"
"2624","6657","3754"
"2625","6657","5879"
"2626","6657","80031"
"2627","6657","22903"
"2628","6657","22915"
"2629","6657","3948"
"2630","6657","283576"
"2631","6657","2672"
"2632","6657","144453"
"2633","6657","7172"
"2634","6657","1302"
"2635","6657","55532"
"2636","6657","81606"
"2637","6657","5893"
"2638","6657","55063"
"2639","6657","25833"
"2640","6657","283651"
"2641","6657","79742"
"2642","6657","1573"
"2643","6657","23163"
"2644","6657","10549"
"2645","6657","1089"
"2646","6657","4892"
"2647","6657","22893"
"2648","6657","10483"
"2649","6657","146779"
"2650","6657","57115"
"2651","6657","126731"
"2652","6657","8501"
"2653","6657","8453"
"2654","6657","377677"
"2655","6657","54583"
"2656","6657","10066"
"2657","6657","10560"
"2658","6657","7571"
"2659","6657","79645"
"2660","6657","7421"
"2661","6657","2324"
"2662","6657","1727"
"2663","6657","64147"
"2664","6657","5129"
"2665","6657","10498"
"2666","6657","5275"
"2667","6657","29799"
"2668","6657","4172"
"2669","6657","2817"
"2670","6657","6874"
"2671","6657","23583"
"2672","6657","79782"
"2673","6657","9918"
"2674","6657","25888"
"2675","6657","1961"
"2676","6657","6863"
"2677","6657","7189"
"2678","6657","79879"
"2679","6657","64768"
"2680","6657","799"
"2681","6657","63976"
"2682","6657","10948"
"2683","6657","9320"
"2684","6657","8869"
"2685","6657","2065"
"2686","6657","51480"
"2687","6657","11190"
"2688","6657","4245"
"2689","6657","6503"
"2690","6657","55771"
"2691","6657","4209"
"2692","6657","9324"
"2693","6657","9381"
"2694","6657","27039"
"2695","6657","221938"
"2696","6657","1674"
"2697","6657","128637"
"2698","6657","55870"
"2699","6657","3297"
"2700","6657","81615"
"2701","6657","85440"
"2702","6657","29881"
"2703","6657","54830"
"2704","6657","64411"
"2705","6657","79172"
"2706","6657","51427"
"2707","6657","63977"
"2708","6657","10758"
"2709","6657","50"
"2710","6657","51503"
"2711","6657","8482"
"2712","6657","64850"
"2713","6657","11060"
"2714","6657","55544"
"2715","6657","131540"
"2716","6657","1280"
"2717","6657","3952"
"2718","6657","23011"
"2719","6657","9807"
"2720","6657","388962"
"2721","6657","23059"
"2722","6657","23339"
"2723","6657","2073"
"2724","6657","375567"
"2725","6657","64859"
"2726","6657","5178"
"2727","6657","3475"
"2728","6657","131965"
"2729","6657","79364"
"2730","6657","79819"
"2731","6657","29101"
"2732","6657","419"
"2733","6657","51068"
"2734","6657","25806"
"2735","6657","9496"
"2736","6657","2965"
"2737","6657","9132"
"2738","6657","27236"
"2739","6657","2115"
"2740","6657","84449"
"2741","6657","886"
"2742","6657","5905"
"2743","6657","51513"
"2744","6657","131601"
"2745","6657","51290"
"2746","6657","687"
"2747","6657","9586"
"2748","6657","9051"
"2749","6657","140885"
"2750","6657","23041"
"2751","6657","79585"
"2752","6657","6650"
"2753","6657","50514"
"2754","6657","6868"
"2755","6657","4025"
"2756","6657","80833"
"2757","6657","9988"
"2758","6657","23580"
"2759","6657","1453"
"2760","6657","10989"
"2761","6657","392360"
"2762","6657","22980"
"2763","6657","54886"
"2764","6657","10518"
"2765","6657","57082"
"2766","6657","51479"
"2767","6657","161882"
"2768","6657","80790"
"2769","6657","27036"
"2770","6657","50636"
"2771","6657","1407"
"2772","6657","23195"
"2773","6657","51606"
"2774","6657","286826"
"2775","6657","8480"
"2776","6657","11199"
"2777","6657","6897"
"2778","6657","64746"
"2779","6657","94015"
"2780","6657","23534"
"2781","6657","8796"
"2782","6657","9058"
"2783","6657","6640"
"2784","6657","150082"
"2785","6657","55703"
"2786","6657","94120"
"2787","6657","23023"
"2788","6657","23051"
"2789","6657","171425"
"2790","6657","1013"
"2791","6657","23157"
"2792","6657","685"
"2793","6657","79066"
"2794","6657","152831"
"2795","6657","64090"
"2796","6657","51168"
"2797","6657","1666"
"2798","6657","7804"
"2799","6657","140458"
"2800","6657","389690"
"2801","6657","84125"
"2802","6657","373"
"2803","6657","5829"
"2804","6657","6819"
"2805","6657","221037"
"2806","6657","55616"
"2807","6657","55802"
"2808","6657","10579"
"2809","6657","57231"
"2810","6657","9364"
"2811","6657","51084"
"2812","6657","9"
"2813","6657","3249"
"2814","6657","84978"
"2815","6657","4238"
"2816","6657","5787"
"2817","6657","27247"
"2818","6657","5361"
"2819","6657","60529"
"2820","6657","5422"
"2821","6657","5586"
"2822","6657","79034"
"2823","6657","6045"
"2824","6657","26098"
"2825","6657","55705"
"2826","6657","123355"
"2827","6657","8840"
"2828","6657","10123"
"2829","6657","53373"
"2830","6657","9667"
"2831","6657","7337"
"2832","6657","374655"
"2833","6657","9665"
"2834","6657","255488"
"2835","6657","4179"
"2836","6657","558"
"2837","6657","128239"
"2838","6657","84448"
"2839","6657","94160"
"2840","6657","124842"
"2841","6657","816"
"2842","6657","51271"
"2843","6657","23317"
"2844","6657","55668"
"2845","6657","23367"
"2846","6657","79778"
"2847","6657","81555"
"2848","6657","3973"
"2849","6657","9619"
"2850","6657","337976"
"2851","6657","9131"
"2852","6657","85318"
"2853","6657","202333"
"2854","6657","84168"
"2855","6657","56940"
"2856","6657","389610"
"2857","6657","29801"
"2858","6657","57718"
"2859","6657","2135"
"2860","6657","23515"
"2861","6657","3725"
"2862","6657","223082"
"2863","6657","10985"
"2864","6657","124925"
"2865","6657","23366"
"2866","6657","10533"
"2867","6657","55450"
"2868","6657","284467"
"2869","6657","10893"
"2870","6657","1524"
"2871","6657","10449"
"2872","6657","340273"
"2873","6657","146395"
"2874","6657","51347"
"2875","6657","2037"
"2876","6657","56950"
"2877","6657","285672"
"2878","6657","54920"
"2879","6657","4594"
"2880","6657","10317"
"2881","6657","5525"
"2882","6657","10664"
"2883","6657","1719"
"2884","6657","6561"
"2885","6657","60680"
"2886","6657","63035"
"2887","6657","8997"
"2888","6657","23586"
"2889","6657","4285"
"2890","6657","5740"
"2891","6657","255403"
"2892","6657","57562"
"2893","6657","1119"
"2894","6657","26232"
"2895","6657","6721"
"2896","6657","6789"
"2897","6657","23090"
"2898","6657","7272"
"2899","6657","4916"
"2900","6657","2034"
"2901","6657","79922"
"2902","6657","5998"
"2903","6657","266727"
"2904","6657","26038"
"2905","6657","79608"
"2906","6657","55729"
"2907","6657","1876"
"2908","6657","79658"
"2909","6657","54434"
"2910","6657","8723"
"2911","6657","178"
"2912","6657","10326"
"2913","6657","64405"
"2914","6657","923"
"2915","6657","81544"
"2916","6657","301"
"2917","6657","122258"
"2918","6657","57522"
"2919","6657","26166"
"2920","6657","3094"
"2921","6657","4010"
"2922","6657","64693"
"2923","6657","1794"
"2924","6657","5069"
"2925","6657","79664"
"2926","6657","60676"
"2927","6657","10336"
"2928","6657","9050"
"2929","6657","10217"
"2930","6657","3570"
"2931","6657","9926"
"2932","6657","79109"
"2933","6657","56648"
"2934","6657","54093"
"2935","6657","2885"
"2936","6657","9652"
"2937","6657","22800"
"2938","6657","79712"
"2939","6657","3356"
"2940","6657","10905"
"2941","6657","5654"
"2942","6657","26019"
"2943","6657","51701"
"2944","6657","3775"
"2945","6657","26271"
"2946","6657","54584"
"2947","6657","80005"
"2948","6657","5167"
"2949","6657","7223"
"2950","6657","22839"
"2951","6657","91750"
"2952","6657","84986"
"2953","6657","129285"
"2954","6657","7077"
"2955","6657","51778"
"2956","6657","64968"
"2957","6657","387597"
"2958","6657","121512"
"2959","6657","64799"
"2960","6657","832"
"2961","6657","23251"
"2962","6657","158521"
"2963","6657","5590"
"2964","6657","11165"
"2965","6657","90459"
"2966","6657","285335"
"2967","6657","4361"
"2968","6657","161835"
"2969","6657","27156"
"2970","6657","130888"
"2971","6657","4131"
"2972","6657","51305"
"2973","6657","23241"
"2974","6657","80155"
"2975","6657","8532"
"2976","6657","10499"
"2977","6657","4763"
"2978","6657","55205"
"2979","6657","5305"
"2980","6657","65055"
"2981","6657","9472"
"2982","6657","23248"
"2983","6657","80210"
"2984","6657","776"
"2985","6657","9688"
"2986","6657","389114"
"2987","6657","146664"
"2988","6657","84552"
"2989","6657","51141"
"2990","6657","646113"
"2991","6657","54517"
"2992","6657","79443"
"2993","6657","1603"
"2994","6657","158471"
"2995","6657","85301"
"2996","6657","2012"
"2997","6657","3613"
"2998","6657","2899"
"2999","6657","10198"
"3000","6657","90441"
"3001","6657","118426"
"3002","6657","940"
"3003","6657","774"
"3004","6657","54455"
"3005","6657","132884"
"3006","6657","26610"
"3007","6657","84057"
"3008","6657","51665"
"3009","6657","353497"
"3010","6657","60490"
"3011","6657","4967"
"3012","6657","79628"
"3013","6657","60592"
"3014","6657","57706"
"3015","6657","6256"
"3016","6657","23637"
"3017","6657","84255"
"3018","6657","9423"
"3019","6657","253558"
"3020","6657","6670"
"3021","6657","4488"
"3022","6657","375612"
"3023","6657","84898"
"3024","6657","56922"
"3025","6657","9308"
"3026","6657","127795"
"3027","6657","10391"
"3028","6657","54855"
"3029","6657","91942"
"3030","6657","51473"
"3031","6657","5569"
"3032","6657","23185"
"3033","6657","64927"
"3034","6657","1996"
"3035","6657","10666"
"3036","6657","22936"
"3037","6657","5746"
"3038","6657","23060"
"3039","6657","340252"
"3040","6657","22821"
"3041","6657","2186"
"3042","6657","79071"
"3043","6657","91526"
"3044","6657","220070"
"3045","6657","81671"
"3046","6657","81706"
"3047","6657","56896"
"3048","6657","114884"
"3049","6657","316"
"3050","6657","10438"
"3051","6657","23368"
"3052","6657","55622"
"3053","6657","256435"
"3054","6657","144245"
"3055","6657","10678"
"3056","6657","2638"
"3057","6657","56914"
"3058","6657","10564"
"3059","6657","26035"
"3060","6657","5378"
"3061","6657","51460"
"3062","6657","151963"
"3063","6657","23523"
"3064","6657","374378"
"3065","6657","10203"
"3066","6657","55294"
"3067","6657","26249"
"3068","6657","613"
"3069","6657","8816"
"3070","6657","3990"
"3071","6657","55137"
"3072","6657","55750"
"3073","6657","131583"
"3074","6657","51481"
"3075","6657","340419"
"3076","6657","25780"
"3077","6657","6907"
"3078","6657","24150"
"3079","6657","79989"
"3080","6657","283455"
"3081","6657","79890"
"3082","6657","5063"
"3083","6657","7434"
"3084","6657","151613"
"3085","6657","1843"
"3086","6657","7518"
"3087","6657","282809"
"3088","6657","79954"
"3089","6657","23682"
"3090","6657","8092"
"3091","6657","125058"
"3092","6657","23607"
"3093","6657","7813"
"3094","6657","79096"
"3095","6657","129446"
"3096","6657","8853"
"3097","6657","51741"
"3098","6657","55151"
"3099","6657","8972"
"3100","6657","79623"
"3101","6657","7038"
"3102","6657","171024"
"3103","6657","84056"
"3104","6657","440446"
"3105","6657","2259"
"3106","6657","57157"
"3107","6657","7881"
"3108","6657","23085"
"3109","6657","129642"
"3110","6657","60559"
"3111","6657","4548"
"3112","6657","64131"
"3113","6657","1620"
"3114","6657","57698"
"3115","6657","2054"
"3116","6657","54796"
"3117","6657","5591"
"3118","6657","150596"
"3119","6657","23143"
"3120","6657","7068"
"3121","6657","4363"
"3122","6657","64121"
"3123","6657","2257"
"3124","6657","988"
"3125","6657","55331"
"3126","6657","9079"
"3127","6657","196446"
"3128","6657","89795"
"3129","6657","320"
"3130","6657","2675"
"3131","6657","7799"
"3132","6657","64224"
"3133","6657","55691"
"3134","6657","22941"
"3135","6657","144402"
"3136","6657","131034"
"3137","6657","9611"
"3138","6657","4982"
"3139","6657","4643"
"3140","6657","23122"
"3141","6657","1121"
"3142","6657","84186"
"3143","6657","1739"
"3144","6657","286205"
"3145","6657","9653"
"3146","6657","23022"
"3147","6657","1540"
"3148","6657","7273"
"3149","6657","157310"
"3150","6657","115827"
"3151","6657","55755"
"3152","6657","90362"
"3153","6657","55129"
"3154","6657","80059"
"3155","6657","169044"
"3156","6657","401260"
"3157","6657","3776"
"3158","6657","29789"
"3159","6657","28232"
"3160","6657","2869"
"3161","6657","5937"
"3162","6657","140689"
"3163","6657","11174"
"3164","6657","552"
"3165","6657","2162"
"3166","6657","23281"
"3167","6657","2776"
"3168","6657","114815"
"3169","6657","8445"
"3170","6657","200150"
"3171","6657","1005"
"3172","6657","84529"
"3173","6657","83857"
"3174","6657","7325"
"3175","6657","10221"
"3176","6657","6229"
"3177","6657","57713"
"3178","6657","407738"
"3179","6657","9904"
"3180","6657","26750"
"3181","6657","3930"
"3182","6657","10345"
"3183","6657","6870"
"3184","6657","57453"
"3185","6657","285268"
"3186","6657","57795"
"3187","6657","5321"
"3188","6657","3556"
"3189","6657","1310"
"3190","6657","91133"
"3191","6657","286183"
"3192","6657","4300"
"3193","6657","60685"
"3194","6657","79802"
"3195","6657","5334"
"3196","6657","23092"
"3197","6657","57101"
"3198","6657","84135"
"3199","6657","22982"
"3200","6657","83989"
"3201","6657","9859"
"3202","6657","121536"
"3203","6657","389677"
"3204","6657","55617"
"3205","6657","170691"
"3206","6657","83698"
"3207","6657","4330"
"3208","6657","80224"
"3209","6657","5983"
"3210","6657","3082"
"3211","6657","5314"
"3212","6657","2306"
"3213","6657","5581"
"3214","6657","2113"
"3215","6657","132"
"3216","6657","54495"
"3217","6657","158809"
"3218","6657","201266"
"3219","6657","152098"
"3220","6657","9577"
"3221","6657","10252"
"3222","6657","2045"
"3223","6657","7957"
"3224","6657","5352"
"3225","6657","114784"
"3226","6657","2444"
"3227","6657","121441"
"3228","6657","203062"
"3229","6657","9910"
"3230","6657","64084"
"3231","6657","10656"
"3232","6657","3747"
"3233","6657","4829"
"3234","6657","79577"
"3235","6657","127255"
"3236","6657","6586"
"3237","6657","23194"
"3238","6657","154150"
"3239","6657","7511"
"3240","6657","57502"
"3241","6657","3759"
"3242","6657","7091"
"3243","6657","121260"
"3244","6657","80757"
"3245","6657","51194"
"3246","6657","1052"
"3247","6657","277"
"3248","6657","9369"
"3249","6657","11122"
"3250","6657","386617"
"3251","6657","55253"
"3252","6657","2898"
"3253","6657","56884"
"3254","6657","25975"
"3255","6657","253714"
"3256","6657","148223"
"3257","6657","2091"
"3258","6657","27297"
"3259","6657","441549"
"3260","6657","1665"
"3261","6657","27303"
"3262","6657","23002"
"3263","6657","79777"
"3264","6657","8433"
"3265","6657","6329"
"3266","6657","79180"
"3267","6657","23430"
"3268","6657","84270"
"3269","6657","2254"
